Listing Pictures,MLS #,Status,Style,Full Address,Zip,Community,MapCoord,Beds,TotB,EstSF,YrBlt,DOMLS,ListPrice,Lst Date,Sold Price,COEDate,Sale/Rent,Vacation Rental By Owner
http://cdnparap00.paragonrels.com/ParagonImages/Property/p0/SANDICOR/180045508/0/120/90/17da4cb5c4564ef0eb23f83e48c83744/1/97a502b57048cb740c163ca41bb0b160/180045508.JPG,180045508,ACT,ATT,4095 Bonita Road  132,91902,BONT,,2,2,"1,007",1970,3,"$310,000 ",8/15/18,,,For Sale,
http://cdnparap00.paragonrels.com/ParagonImages/Property/p0/SANDICOR/180024056/0/120/90/8bbd98b6c6a04cded0f2cc2589970278/1/4b74ecd002f0b22ac1379b3b3bab2ac8/180024056.JPG,180024056,ACT,TOWNH,88 Fourth Ave  10,91910,CV,1310A5,3,2,"1,611",2004,104,"$399,900 ",5/6/18,,,For Sale,
http://cdnparap00.paragonrels.com/ParagonImages/Property/p0/SANDICOR/180035693/0/120/90/3092aaa5be0b1b0132069d2b1e0a3870/1/2bdaef15b7d5053a3b54ea915801084f/180035693.JPG,180035693,ACT,ATT,2167 Palo Alto Dr  133,91914,CV,1311D2,2,2,"1,061",2006,50,"$374,000 ",6/29/18,,,For Sale,
http://cdnparap00.paragonrels.com/ParagonImages/Property/p0/SANDICOR/180042493/0/120/90/7628bd10791ed4f93cfb8fd1db30b3ac/1/60c790b844f18ec035f69351caa1f913/180042493.JPG,180042493,ACT,TOWNH,2134 Cantata Dr.  36,91914,CV,,2,2,"1,061",2006,17,"$379,000 ",7/30/18,,,For Sale,
http://cdnparap00.paragonrels.com/ParagonImages/Property/p0/SANDICOR/180038189/0/120/90/ccc81854f6fe6c23dc715bde6e235db0/1/9aebe57bdc1f293f808a0be7aa6512a0/180038189.JPG,180038189,ACT,ATT,280 Salinas Dr.  171,91914,CV,,2,2,"1,061",2006,37,"$372,000 - $385,000",7/10/18,,,For Sale,
http://cdnparap00.paragonrels.com/ParagonImages/Property/p0/SANDICOR/180043165/0/120/90/55c92d7e1170631a6af780f7e0a72c72/1/f3352529eb336c6fdabd266abd69b1ac/180043165.JPG,180043165,ACT,ATT,2360 Corte Pescado  88,91914,CV,1311F3,3,3,"1,285",2006,15,"$399,000 ",8/3/18,,,For Sale,
http://cdnparap00.paragonrels.com/ParagonImages/Property/p0/SANDICOR/180045558/0/120/90/95814487346e454423646c9d81ff69dc/1/af89d2ad754adc964caa51b69843d476/180045558.JPG,180045558,ACT,ATT,2340 Corte Flores  98,91914,CV,1311F3,4,3,"1,468",2006,3,"$419,000 ",8/15/18,,,For Sale,
http://cdnparap00.paragonrels.com/ParagonImages/Property/p0/SANDICOR/180037792/0/120/90/c8ded2f40598a744dd7904fc0c3c7c54/1/3adfb9763b4be6e9b1305179a1ead4ed/180037792.JPG,180037792,ACT,ATT,2271 Alicante Cove,91914,CV,,3,2,"1,342",2000,38,"$449,000 - $465,900",7/11/18,,,For Sale,
http://cdnparap00.paragonrels.com/ParagonImages/Property/p0/SANDICOR/180040474/0/120/90/209a84c4482e7cdba3707f963316400d/1/a398e2c1acd010460d9d151cb3184be5/180040474.JPG,180040474,ACT,ATT,381 Caminito Barcelona  59,91914,CV,1.31E+05,3,3,"1,410",2003,26,"$480,000 - $490,000",7/23/18,,,For Sale,
http://cdnparap00.paragonrels.com/ParagonImages/Property/p0/SANDICOR/180043088/0/120/90/bae166cc6b1c6cabf1ba25fc4a97b5b7/1/1ac32e17e96c7fd4c6720a2fd0a4a4a1/180043088.JPG,180043088,ACT,TOWNH,4416 Palm Ave  11,91941,LM,,3,3,"1,459",2018,15,"$510,000 ",8/3/18,,,For Sale,
http://cdnparap00.paragonrels.com/ParagonImages/Property/p0/SANDICOR/180042646/0/120/90/6eab85a1d01e57a2162d0f917963cdb5/1/a552239060e44a832b73304a57199144/180042646.JPG,180042646,ACT,TOWNH,4412 Palm Ave.  2,91941,LM,,3,3,"1,459",2018,16,"$520,000 ",8/1/18,,,For Sale,
http://cdnparap00.paragonrels.com/ParagonImages/Property/p0/SANDICOR/180042673/0/120/90/4a64fc659d742e378d18806adf976f0a/1/5e1b606df3531c4a8ff1cdd50afe10ac/180042673.JPG,180042673,ACT,TOWNH,4414 Palm Ave.  3,91941,LM,,3,3,"1,459",2018,16,"$525,000 ",8/2/18,,,For Sale,
http://cdnparap00.paragonrels.com/ParagonImages/Property/p0/SANDICOR/180041627/0/120/90/684bfd2a7572dae469f5eb2b0b93d973/1/2a3c73ad67b6ec431b116711ad0a6e70/180041627.JPG,180041627,ACT,TOWNH,3880 Murray Hill Rd,91941,LM,1270F5,3,2,"1,398",1991,22,"$525,000 ",7/2/18,,,For Sale,
http://cdnparap00.paragonrels.com/ParagonImages/Property/p0/SANDICOR/180039455/0/120/90/afaf677782574b4e182840e33318b76b/1/45c9c16159a1aeff3e274339686e39a6/180039455.JPG,180039455,ACT,ATT,5700 Baltimore Dr  71,91942,LM,,2,2,"1,038",1976,31,"$315,000 ",7/18/18,,,For Sale,
http://cdnparap00.paragonrels.com/ParagonImages/Property/p0/SANDICOR/180038866/0/120/90/5da61985554075da926c7270c1f4b822/1/0c4216cf68850f7700a7fb03e035d6be/180038866.JPG,180038866,ACT,TOWNH,5700 Baltimore Dr  241,91942,LM,1250G7,2,3,"1,068",1976,26,"$325,000 ",7/15/18,,,For Sale,
http://cdnparap00.paragonrels.com/ParagonImages/Property/p0/SANDICOR/180028390/0/120/90/b4f64858b4eee89ddb8deeb8f11b670a/1/930fdc635c6a10b1ddaa77f8fecb4835/180028390.JPG,180028390,ACT,ATT,7002 Melody Ln,91942,LM,1270F1,2,3,"1,270",1990,83,"$385,000 ",5/26/18,,,For Sale,
http://cdnparap00.paragonrels.com/ParagonImages/Property/p0/SANDICOR/180041277/0/120/90/b78ea29b1788ed862705fc60bb7b3c83/1/3bf9e66c096ed02f65789493693a0ed6/180041277.JPG,180041277,ACT,ATT,7780 Parkway Dr  1001,91942,LM,,3,2,"1,321",1982,23,"$390,000 ",7/26/18,,,For Sale,
http://cdnparap00.paragonrels.com/ParagonImages/Property/p0/SANDICOR/180045667/0/120/90/66debbfa8c441dda8835d01f39bc596e/1/5bebde783b60bd2328144b09c4d3d5af/180045667.JPG,180045667,ACT,ATT,7705 El Cajon Boulevard 1,91942,LM,,2,3,"1,465",2005,3,"$430,000 ",8/15/18,,,For Sale,
http://cdnparap00.paragonrels.com/ParagonImages/Property/p0/SANDICOR/180042650/0/120/90/f8241e726388e29ed00a28e2e0781d5f/1/3c8409ca914853a84670b5a28461a6ab/180042650.JPG,180042650,ACT,ATT,7715 El Cajon Blvd  5,91942,LM,1270G2,3,3,"1,248",2006,16,"$433,000 ",8/2/18,,,For Sale,
http://cdnparap00.paragonrels.com/ParagonImages/Property/p0/SANDICOR/180032956/0/120/90/220e7319e5de651fc056e43f4e659910/1/11d46135dc69a73f1fbc2952f60a806e/180032956.JPG,180032956,ACT,TOWNH,5440 Baltimore Drive  157,91942,LM,,3,3,"1,335",1974,62,"$425,000 - $435,000",6/17/18,,,For Sale,
http://cdnparap00.paragonrels.com/ParagonImages/Property/p0/SANDICOR/180035282/0/120/90/55e39028a6415da4e6ce6e106aa5bfb9/1/a0da32ae33d95d22d08d9f9dbc2fc97c/180035282.JPG,180035282,ACT,ATT,3605 Grove Street  156,91945,LEM,,2,2,"1,022",2005,51,"$299,000 - $305,000",6/28/18,,,For Sale,
http://cdnparap00.paragonrels.com/ParagonImages/Property/p0/SANDICOR/180037811/0/120/90/036bf6db0416ee3e486743c29432a281/1/c6c663b9f6d20b9666d73709c8907a4a/180037811.JPG,180037811,ACT,TOWNH,3525 Grove St  116,91945,LEM,1270H5,3,2,"1,088",2005,38,"$330,000 ",7/10/18,,,For Sale,
http://cdnparap00.paragonrels.com/ParagonImages/Property/p0/SANDICOR/180031531/0/120/90/0d41bf4a843882f5be8ea3bcdf2ebb3c/1/12af1eec260966a2833e1518b6ded16a/180031531.JPG,180031531,ACT,TOWNH,3180 Florine Dr  4,91945,LEM,1270F6,3,3,"1,588",1991,68,"$375,000 - $400,000",5/16/18,,,For Sale,
http://cdnparap00.paragonrels.com/ParagonImages/Property/p0/SANDICOR/180044672/0/120/90/da027892f27979c8b3ab07355d25c533/1/c0349ee545cbfdc0ec4f87122433cae1/180044672.JPG,180044672,ACT,ATT,1925 Via Las Palmas  42,91950,NAT,1310B2,2,2,"1,081",1981,8,"$319,900 - $339,900",8/10/18,,,For Sale,
http://cdnparap00.paragonrels.com/ParagonImages/Property/p0/SANDICOR/180042049/0/120/90/a00ec7f81c22792ad33cbdf7d8d67398/1/815dd41529dc4d4f2753a93d58646a75/180042049.JPG,180042049,ACT,ATT,3328 Fairlomas Rd,91950,NAT,,3,3,"1,400",1973,18,"$400,000 - $415,000",7/30/18,,,For Sale,
http://cdnparap00.paragonrels.com/ParagonImages/Property/p0/SANDICOR/180018960/0/120/90/521938d343a0121327a34506b07adb4f/1/3f6db40c170f854026504a3394791a8f/180018960.JPG,180018960,ACT,TOWNH,825 C AVE,91950,NAT,,2,2,"1,042",2015,128,"$425,000 ",4/12/18,,,For Sale,
http://cdnparap00.paragonrels.com/ParagonImages/Property/p0/SANDICOR/180041632/0/120/90/da87e07876819fb8ae4ccf81e273c9f5/1/2bfc7ebdb38bf1d8291f69b6928634a8/180041632.JPG,180041632,ACT,ATT,2108 Kings View Cir,91977,SV,,2,3,"1,020",1991,22,"$325,000 - $335,000",7/26/18,,,For Sale,
http://cdnparap00.paragonrels.com/ParagonImages/Property/p0/SANDICOR/180036336/0/120/90/88bad544236abe107726a45a81832145/1/0fa4776e93f8b9ad256091f36db9d2c4/180036336.JPG,180036336,ACT,ATT,8109 Paradise Valley Ct,91977,SV,1290H5,3,2,"1,280",1979,46,"$344,000 ",7/3/18,,,For Sale,
http://cdnparap00.paragonrels.com/ParagonImages/Property/p0/SANDICOR/180040957/0/120/90/ea76660e8985f995f6ef0fef340e357c/1/c68c4444545d54e19421135112bc5580/180040957.JPG,180040957,ACT,ATT,430 Bluffview,91977,SD,1290J5,3,2,"1,125",1979,24,"$349,000 ",7/24/18,,,For Sale,
http://cdnparap00.paragonrels.com/ParagonImages/Property/p0/SANDICOR/180031944/0/120/90/58300af22cef2883e0fbcfb7f81f0114/1/8c511fa0242728330168f7dadc614be1/180031944.JPG,180031944,ACT,TOWNH,8164 Paradise Valley Court,91977,SV,,3,2,"1,280",1974,66,"$350,000 ",6/13/18,,,For Sale,
http://cdnparap00.paragonrels.com/ParagonImages/Property/p0/SANDICOR/180041867/0/120/90/24e0654353f52fb0d4d3fc50a331bb32/1/4bf0e6f4f8f85ca089a13bf2b2dab5e7/180041867.JPG,180041867,ACT,TOWNH,8233 WARMWOOD AVE,91977,SV,,3,2,"1,280",1980,19,"$359,999 ",7/29/18,,,For Sale,
http://cdnparap00.paragonrels.com/ParagonImages/Property/p0/SANDICOR/180019331/0/120/90/bdd1d1090b105b083250cdaafb6936df/1/04b51fc0e48ee9916ad3a13634059647/180019331.JPG,180019331,ACT,ATT,2037 Terraspiro,91977,SV,,3,3,"1,179",1973,83,"$369,900 ",4/13/18,,,For Sale,
http://cdnparap00.paragonrels.com/ParagonImages/Property/p0/SANDICOR/180030132/0/120/90/bcfb535cde271c01df389a30a8d57a48/1/b3716feb07be4de34939cb4bad82879c/180030132.JPG,180030132,ACT,TOWNH,2033 Terraspiro Ave,91977,SV,,3,3,"1,179",1973,74,"$375,000 ",6/5/18,,,For Sale,
http://cdnparap00.paragonrels.com/ParagonImages/Property/p0/SANDICOR/180030431/0/120/90/011c34c1d62fa23d495fb2ddf16ac01e/1/cce58e84bee2159413bda6d02b097aa5/180030431.JPG,180030431,ACT,ATT,8737 Spring Canyon Dr,91977,SV,,3,3,"1,226",1986,44,"$389,000 ",6/6/18,,,For Sale,
http://cdnparap00.paragonrels.com/ParagonImages/Property/p0/SANDICOR/180041854/0/120/90/f9f0e144af38b44b52dc519779a9acc8/1/03df6a7efe68e81dbb09a9fc0846cbd7/180041854.JPG,180041854,ACT,TOWNH,2043 Sweetwater Rd.  B,91977,SV,,4,3,"1,512",2003,20,"$425,000 ",7/29/18,,,For Sale,
http://cdnparap00.paragonrels.com/ParagonImages/Property/p0/SANDICOR/180044377/0/120/90/bf04c33d7f3d73e20c840e991a18697e/1/cdc23054660631ed66fbc59cf6b800bb/180044377.JPG,180044377,ACT,ATT,8781 Vista Del Oro Way,91977,SV,1291A1,3,3,"1,688",1991,9,"$429,900 ",8/9/18,,,For Sale,
http://cdnparap00.paragonrels.com/ParagonImages/Property/p0/SANDICOR/180043835/0/120/90/ef24b1291d5cee7f633d6c6d0253f5bb/1/509b94be55fcca994521b7a26a378307/180043835.JPG,180043835,ACT,ATT,4007 Layang Layang Cir  F,92008,CSBW,1106F7,2,2,"1,600",1984,1,"$524,900 ",8/7/18,,,For Sale,
http://cdnparap00.paragonrels.com/ParagonImages/Property/p0/SANDICOR/180043791/0/120/90/fcfa166382f2d51a14e9b55161207e62/1/e43b290e0f11c93997345e7042d6e210/180043791.JPG,180043791,ACT,ATT,4014 Aquila St  E,92008,CSBW,,2,3,"1,664",1985,11,"$545,000 ",8/7/18,,,For Sale,
http://cdnparap00.paragonrels.com/ParagonImages/Property/p0/SANDICOR/180043401/0/120/90/f36e2c05b60b48c0e8d994ef0868219b/1/f8c9ff9114917c98998a6b7222f9b1b4/180043401.JPG,180043401,ACT,ATT,6909 Quail Place  E,92009,LAC,1.13E+08,2,2,"1,040",1980,14,"$418,000 ",8/3/18,,,For Sale,
http://cdnparap00.paragonrels.com/ParagonImages/Property/p0/SANDICOR/180046081/0/120/90/29a836978099080c8e392237bb12bb03/1/39b38aa9de717e613e8134f22f0c6b2e/180046081.JPG,180046081,ACT,ATT,3045 Corte Trabuco,92009,LAC,,2,2,"1,135",1986,1,"$419,000 ",8/17/18,,,For Sale,
http://cdnparap00.paragonrels.com/ParagonImages/Property/p0/SANDICOR/180039731/0/120/90/cd4cd4723faa5f3a3bad32a57b5401b1/1/757c906ef84befbc6de16e3e82cb2544/180039731.JPG,180039731,ACT,ATT,3463 Caminito Sierra  101,92009,LAC,,2,2,"1,022",1989,30,"$400,000 - $425,000",7/19/18,,,For Sale,
http://cdnparap00.paragonrels.com/ParagonImages/Property/p0/SANDICOR/180031434/0/120/90/7147a468cbd7140be4d2cc45f750c561/1/6f7586719c38595031c214355919a8f4/180031434.JPG,180031434,ACT,ATT,2625 Pirineos Way  129,92009,CSBS,,2,2,"1,357",1976,69,"$449,900 ",6/9/18,,,For Sale,
http://cdnparap00.paragonrels.com/ParagonImages/Property/p0/SANDICOR/180042945/0/120/90/ebab00c8933b7c1f958ba56851a3a896/1/3fb7b4d204bd5e3afc32a2e0371acd74/180042945.JPG,180042945,ACT,TOWNH,6175 Paseo Camas,92009,CSBE,,3,2,"1,044",2002,16,"$449,900 ",8/2/18,,,For Sale,
http://cdnparap00.paragonrels.com/ParagonImages/Property/p0/SANDICOR/180035181/0/120/90/d5dd53e4c53c32d0c2b216532d6b4187/1/ff2267e944f4e9ed5e3b122a4ace9cb2/180035181.JPG,180035181,ACT,ATT,2348 La Costa Ave  306,92009,CSBS,,2,2,"1,224",1974,51,"$469,500 ",6/28/18,,,For Sale,
http://cdnparap00.paragonrels.com/ParagonImages/Property/p0/SANDICOR/180031338/0/120/90/76472ded52e92fcf1707eef92f513763/1/c850ed288ab9afc2e446d416c1097904/180031338.JPG,180031338,ACT,ATT,3168 Camino Arroyo,92009,LAC,1127J7,2,2,"1,409",1986,70,"$400,000 - $475,000",6/9/18,,,For Sale,
http://cdnparap00.paragonrels.com/ParagonImages/Property/p0/SANDICOR/180046084/0/120/90/c6e816674215985c68cef290dec2f47e/1/d0b065f0aee4c2be28e38a37e74dd985/180046084.JPG,180046084,ACT,ATT,7347 Alicante Rd  B,92009,LAC,,2,3,"1,229",1975,1,"$475,000 ",8/17/18,,,For Sale,
http://cdnparap00.paragonrels.com/ParagonImages/Property/p0/SANDICOR/180045489/0/120/90/b7f00e36cd603d8e1a1f742a7ed8df06/1/21f8d0075b1f36d45e461607607d8a84/180045489.JPG,180045489,ACT,ATT,2349 Caringa Way  2,92009,CSBS,1127F7,2,3,"1,533",1975,3,"$485,000 ",8/15/18,,,For Sale,
http://cdnparap00.paragonrels.com/ParagonImages/Property/p0/SANDICOR/180040716/0/120/90/c146f4f3488e9a631b736286f4ba3623/1/00382e3b4ad80a3ac500d722a1ba2bad/180040716.JPG,180040716,ACT,ATT,3146 Vista Grande,92009,LAC,,2,2,"1,158",1987,25,"$489,000 ",7/24/18,,,For Sale,
http://cdnparap00.paragonrels.com/ParagonImages/Property/p0/SANDICOR/180037619/0/120/90/f9b3e54b2c27b8d2626e06ccf864282f/1/5f74040c7ab3e4cbd74812214add36da/180037619.JPG,180037619,ACT,TOWNH,6279 Citracado Cir,92009,CSBE,,2,2,"1,199",2002,39,"$490,000 ",7/10/18,,,For Sale,
http://cdnparap00.paragonrels.com/ParagonImages/Property/p0/SANDICOR/180022716/0/120/90/278ddacfc91c18772fe52d6bd23adbfd/1/af97aea4c3d53ea969a2a0be90b3aaf6/180022716.JPG,180022716,ACT,ATT,3125 Calle Viento,92009,CSBS,1127J7,2,2,"1,158",1988,93,"$498,888 ",5/1/18,,,For Sale,
http://cdnparap00.paragonrels.com/ParagonImages/Property/p0/SANDICOR/180040040/0/120/90/0482d6d1920e20222ebd96697746b91d/1/e0d69f7d606f7b8fca35806ef25e8b83/180040040.JPG,180040040,ACT,ATT,2501 Navarra Drive  114,92009,LAC,,2,2,"1,100",1974,29,"$499,000 ",7/20/18,,,For Sale,No
http://cdnparap00.paragonrels.com/ParagonImages/Property/p0/SANDICOR/180034341/0/120/90/785a2390d6beacba6a13c7243e901fb8/1/d966e06fbec4bdb3cda295a516124c33/180034341.JPG,180034341,ACT,TOWNH,7578 Gibraltar Street  7,92009,LAC,,2,3,"1,242",1980,57,"$499,000 ",6/22/18,,,For Sale,
http://cdnparap00.paragonrels.com/ParagonImages/Property/p0/SANDICOR/180040188/0/120/90/cac0b6aa81514afe55514e35f7206f90/1/312f79d78c04ee8b8be2d04ede2ff571/180040188.JPG,180040188,ACT,TOWNH,6261 Citracado Circle,92009,CSBE,,2,3,"1,123",2002,29,"$499,000 ",7/20/18,,,For Sale,
http://cdnparap00.paragonrels.com/ParagonImages/Property/p0/SANDICOR/180042365/0/120/90/2aadfb6a5e9e46b124118db118f89f92/1/ac1564cfe536fc36e6e55e6da12c4dc9/180042365.JPG,180042365,ACT,TOWNH,6306 Citracado Cir,92009,CSBE,1127H2,2,3,"1,322",2002,17,"$500,000 ",8/1/18,,,For Sale,
http://cdnparap00.paragonrels.com/ParagonImages/Property/p0/SANDICOR/180038460/0/120/90/b0dc3daaecf9d3f32a316a1ca1567e72/1/00f2cbb56b7da5c6d27a3d0fe967cc81/180038460.JPG,180038460,ACT,ATT,7095 Estrella De Mar Rd  B,92009,LAC,,2,2,"1,264",1966,36,"$504,999 ",7/13/18,,,For Sale,
http://cdnparap00.paragonrels.com/ParagonImages/Property/p0/SANDICOR/180035240/0/120/90/bd41fd894715f779e14afd3d098103ec/1/c2e173b3b2ca36cf625f7b609697b252/180035240.JPG,180035240,ACT,ATT,3168 Vista Grande,92009,CSBE,,2,2,"1,158",1987,51,"$512,900 ",6/27/18,,,For Sale,
http://cdnparap00.paragonrels.com/ParagonImages/Property/p0/SANDICOR/180035702/0/120/90/61b786bf3deeb5f9dbe6489627daf1cf/1/4541febaee99bab706370a06c944007e/180035702.JPG,180035702,ACT,ATT,7087 Estrella De Mar Rd  B,92009,LAC,1127F6,2,2,"1,372",1966,50,"$514,999 ",6/29/18,,,For Sale,
http://cdnparap00.paragonrels.com/ParagonImages/Property/p0/SANDICOR/180036867/0/120/90/94e5ec9c51423f3b5f7ce8fa57e5603a/1/67b042e52eded552f1b4f0df042252e1/180036867.JPG,180036867,ACT,ATT,7083 Estrella De Mar Rd  C,92009,LAC,1127F6,2,2,"1,372",1966,43,"$514,999 ",7/6/18,,,For Sale,
http://cdnparap00.paragonrels.com/ParagonImages/Property/p0/SANDICOR/180043977/0/120/90/a8194f3f539ad5bec6037c57ef4d728e/1/b479ef574ed4bd7b31b4c81cc1322479/180043977.JPG,180043977,ACT,ATT,2311 Caringa Way  44,92009,CSBW,,2,2,"1,536",1975,10,"$524,000 ",8/8/18,,,For Sale,
http://cdnparap00.paragonrels.com/ParagonImages/Property/p0/SANDICOR/180023756/0/120/90/e45afbbf6e39d872b1b6f10ba403b23b/1/ba2e33887e8d838c91f2121a1634f3cc/180023756.JPG,180023756,ACT,TOWNH,2504 Navarra Drive  206,92009,CSBS,1147G1,2,3,"1,392",1973,77,"$499,999 - $525,000",5/4/18,,,For Sale,
http://cdnparap00.paragonrels.com/ParagonImages/Property/p0/SANDICOR/180041639/0/120/90/12ff12eaf86a380d4fb9d3c6da1a5a13/1/0484766905ee6c903c1f511140902bff/180041639.JPG,180041639,ACT,TOWNH,2323 Caringa Way  16,92009,LAC,,2,2,"1,536",1975,22,"$535,000 ",7/27/18,,,For Sale,
http://cdnparap00.paragonrels.com/ParagonImages/Property/p0/SANDICOR/180030580/0/120/90/42bd233b4ac172ff1b3d263e43750ed2/1/0ff94ffdb0fa8717d40ab79197c671e7/180030580.JPG,180030580,ACT,TOWNH,2319 Caringa Way  58,92009,CSBS,,2,2,"1,536",1975,57,"$535,000 ",6/7/18,,,For Sale,
http://cdnparap00.paragonrels.com/ParagonImages/Property/p0/SANDICOR/180038138/0/120/90/b80d407c617405c5a06d520708ef010c/1/2dbd8f6fd976696c7281cc1c4a10b232/180038138.JPG,180038138,ACT,TOWNH,6526 Corte Montecito,92009,LAC,,3,3,"1,350",1983,37,"$539,000 ",7/12/18,,,For Sale,
http://cdnparap00.paragonrels.com/ParagonImages/Property/p0/SANDICOR/180040676/0/120/90/0d454e7d7b6674077e946da469c41344/1/fc7f55184dc6284b4aade33fa91dc35a/180040676.JPG,180040676,ACT,TOWNH,7727 Caminito Monarca  108,92009,LAC,,2,3,"1,250",1990,21,"$529,000 - $539,000",7/23/18,,,For Sale,
http://cdnparap00.paragonrels.com/ParagonImages/Property/p0/SANDICOR/180046026/0/120/90/78fef4bdf0ccf11fcfde2b26ccb981b1/1/d90133a61f5f33d4db6a991852ff3c3f/180046026.JPG,180046026,ACT,TOWNH,2353 Caringa Way  1,92009,LAC,1127G7,2,3,"1,504",1975,1,"$549,900 ",8/17/18,,,For Sale,
http://cdnparap00.paragonrels.com/ParagonImages/Property/p0/SANDICOR/180040044/0/120/90/2c8a9741f9f22705fd278b3c1fb03dd8/1/10ee3abdd1e1bea1e3b0fd5a297b59d7/180040044.JPG,180040044,ACT,ATT,2854 Andover Ave.,92010,CSBE,1107A4,2,2,"1,112",1985,29,"$445,000 ",7/20/18,,,For Sale,
http://cdnparap00.paragonrels.com/ParagonImages/Property/p0/SANDICOR/180046159/0/120/90/05bb3519e6bdd9637454aaebc6c14094/1/626a0b9fa8a2da70d9ab3e7c2bfe275f/180046159.JPG,180046159,ACT,TOWNH,2903 Via Carrio,92010,CSBE,1106H3,3,3,"1,452",1978,1,"$439,000 - $457,000",8/17/18,,,For Sale,
http://cdnparap00.paragonrels.com/ParagonImages/Property/p0/SANDICOR/180031638/0/120/90/2b14725c6ce1e47972db5ea10eb2802b/1/e22697322b4ab617b9664dd6a721cc80/180031638.JPG,180031638,ACT,ATT,2866 Englewood Way,92010,CSBE,1107A4,3,2,"1,362",1987,68,"$485,000 ",6/11/18,,,For Sale,
http://cdnparap00.paragonrels.com/ParagonImages/Property/p0/SANDICOR/180046105/0/120/90/2bb83583a3b9ede9d98f15f6eaafc3c5/1/e17fd643f6bcbbd01b1669c1d9b0162c/180046105.JPG,180046105,ACT,TOWNH,2810 Via Magia,92010,CSBE,1106H3,3,3,"1,452",1978,1,"$485,000 - $495,000",8/17/18,,,For Sale,
http://cdnparap00.paragonrels.com/ParagonImages/Property/p0/SANDICOR/180044295/0/120/90/516aac3880dc63bad309ec1cf17852d0/1/c70108e9e9b0d74047e6317dd5ab7998/180044295.JPG,180044295,ACT,TOWNH,2615 Via Eco,92010,CSBE,,3,3,"1,452",1978,9,"$470,000 - $495,000",8/9/18,,,For Sale,
http://cdnparap00.paragonrels.com/ParagonImages/Property/p0/SANDICOR/180038883/0/120/90/a791f7cf529578c3e7aec35e3189e5c9/1/53ab3df68ee8d150e35b39bda37539c5/180038883.JPG,180038883,ACT,ATT,3703 Jetty Pt,92010,CSBE,,2,2,"1,341",2005,34,"$510,000 ",7/15/18,,,For Sale,
http://cdnparap00.paragonrels.com/ParagonImages/Property/p0/SANDICOR/180034385/0/120/90/ed0926d09d23ce47036d7d5ba7020d20/1/11511e7d5c32db3a01218c26965ee7b3/180034385.JPG,180034385,ACT,ATT,900 Caminito Madrigal  A,92011,CSBW,1126J4,2,2,"1,060",1974,56,"$499,900 ",6/23/18,,,For Sale,
http://cdnparap00.paragonrels.com/ParagonImages/Property/p0/SANDICOR/180039869/0/120/90/94cf92ba3696a87b63bcb1f19bd7620f/1/e4c986fe7888f56cd7ebba18d0e77b40/180039869.JPG,180039869,ACT,ATT,6573 Paseo Del Norte  C,92011,CSBS,,2,2,"1,060",1974,29,"$515,000 ",6/25/18,,,For Sale,
http://cdnparap00.paragonrels.com/ParagonImages/Property/p0/SANDICOR/180031793/0/120/90/3f5d1ebc4fd0ccae3d705d122db048d6/1/4268cb5cbee06fe548e7a91560ee63d7/180031793.JPG,180031793,ACT,ATT,6575 Paseo Del Norte  F,92011,CSBS,1126J4,2,2,"1,060",1974,67,"$539,000 ",6/11/18,,,For Sale,
http://cdnparap00.paragonrels.com/ParagonImages/Property/p0/SANDICOR/180046017/0/120/90/ef16941a4369ec7f7eff2dc7c87b571e/1/e1badc8558653e6cfa5bf73690544bd1/180046017.JPG,180046017,ACT,TOWNH,1844 Cottonwood Ave,92011,CSBS,1.13E+09,2,3,"1,421",1987,1,"$549,900 - $569,900",8/17/18,,,For Sale,
http://cdnparap00.paragonrels.com/ParagonImages/Property/p0/SANDICOR/180044878/0/120/90/8a4ac51ac750b0ae17c6e5b511d271b3/1/8e51e9ba2d78dfd7e3950cde027fdec8/180044878.JPG,180044878,ACT,ATT,13778 Ruette Le Parc  C,92014,DLM,1187J6,2,2,"1,164",1979,7,"$550,000 ",8/11/18,,,For Sale,
http://cdnparap00.paragonrels.com/ParagonImages/Property/p0/SANDICOR/180035911/0/120/90/d7d6b7f27cc11df182d0bbc65dcd5d29/1/bda23a4104b4b9e8df2c239c54d24234/180035911.JPG,180035911,ACT,ATT,552 Canyon Drive  24,92054,OSD,1086D7,3,2,"1,035",1991,44,"$315,000 - $325,000",6/30/18,,,For Sale,No
http://cdnparap00.paragonrels.com/ParagonImages/Property/p0/SANDICOR/180041243/0/120/90/8e6780194f42cbaef6694356414a0c91/1/b4c3b644dfa2b3212daad9ecfa8e5b9d/180041243.JPG,180041243,ACT,TWINH,2821 MESA,92054,OSD,,2,2,"1,354",1978,23,"$448,900 ",7/26/18,,,For Sale,
http://cdnparap00.paragonrels.com/ParagonImages/Property/p0/SANDICOR/180041607/0/120/90/cd7617c3a1b222d239f6693be69c209c/1/c085541f6df67782e733c202b321a7d5/180041607.JPG,180041607,ACT,TOWNH,2166 Via Robles,92054,OSD,1106G1,3,3,"1,591",1974,22,"$469,900 ",7/27/18,,,For Sale,
http://cdnparap00.paragonrels.com/ParagonImages/Property/p0/SANDICOR/180032927/0/120/90/28494a10b8591c2523e7bec76a179bd2/1/94639bf8d54ad5db6dbb2bf045d9d54d/180032927.JPG,180032927,ACT,ATT,910 N Pacific Street 40,92054,OSD,,2,2,"1,226",1976,62,"$509,900 ",6/15/18,,,For Sale,
http://cdnparap00.paragonrels.com/ParagonImages/Property/p0/SANDICOR/180043689/0/120/90/d958fb0894946dc2ea99c29747a1d6cf/1/81b169391013bfdf4f1e17c6e6cdf8e8/180043689.JPG,180043689,ACT,ATT,3538 Paseo de los Americanos  129,92056,OSD,,2,2,"1,093",1989,11,"$349,900 - $355,000",8/7/18,,,For Sale,
http://cdnparap00.paragonrels.com/ParagonImages/Property/p0/SANDICOR/180036120/0/120/90/e2074a9501bbd9b3678f6fc98dc4ea88/1/e16a70cf2dcf3dd9b55bdd06c00a77ae/180036120.JPG,180036120,ACT,ATT,3528 Paseo De Los Americanos  117,92056,OSD,1106J2,2,2,"1,093",1989,47,"$359,900 ",7/2/18,,,For Sale,
http://cdnparap00.paragonrels.com/ParagonImages/Property/p0/SANDICOR/180040770/0/120/90/15b2b0eaad6e55c1b5c6d5fde4ed2186/1/f5f377ce2e42d2ff6a4d43274641a21a/180040770.JPG,180040770,ACT,ATT,100 Sea Cliff Way  106,92056,OSD,,2,2,"1,030",1990,24,"$379,000 ",7/25/18,,,For Sale,
http://cdnparap00.paragonrels.com/ParagonImages/Property/p0/SANDICOR/180044083/0/120/90/88d513a1fb3e24ad640a3d5ffd38926d/1/8eb8e078f06494db31ce7c6a2ccec92d/180044083.JPG,180044083,ACT,ATT,3555 Cameo Dr  64,92056,OSD,1106J1,2,2,"1,008",1992,10,"$389,999 ",8/8/18,,,For Sale,
http://cdnparap00.paragonrels.com/ParagonImages/Property/p0/SANDICOR/180035075/0/120/90/57a3a5f6e3d69a5bfbea983429e68896/1/dd156300fcacbf9d98244b8ea5fa65a2/180035075.JPG,180035075,ACT,TWINH,3897 Marvin St,92056,OSD,1087B7,3,2,"1,410",1973,52,"$450,000 ",6/27/18,,,For Sale,
http://cdnparap00.paragonrels.com/ParagonImages/Property/p0/SANDICOR/180027395/0/120/90/5ec00f9b6b5e78cfda62bb2d3cad7e5d/1/ad93cf4fbbc8f635c7d8a47f43b180da/180027395.JPG,180027395,ACT,ATT,4329 Star Path Way  1,92056,OSD,,2,2,"1,470",2018,88,"$496,281 ",5/22/18,,,For Sale,No
http://cdnparap00.paragonrels.com/ParagonImages/Property/p0/SANDICOR/180044917/0/120/90/354c03ba98591af0d5336abc5382c632/1/1e333e358ac21552b84b8cd35377d8f1/180044917.JPG,180044917,ACT,ATT,3160 Camino Crest Dr,92056,OSD,1106G2,2,2,"1,300",1974,7,"$550,000 ",8/11/18,,,For Sale,No
http://cdnparap00.paragonrels.com/ParagonImages/Property/p0/SANDICOR/180039225/0/120/90/a8bfa961ef2ac0b82c3c6ddaca21de9b/1/87167e55f06c8a49fe058d54f04a59d9/180039225.JPG,180039225,ACT,ATT,4212 Vista Del Rio Way  7,92057,OSD,1086J3,2,3,"1,224",1985,32,"$340,000 ",7/13/18,,,For Sale,
http://cdnparap00.paragonrels.com/ParagonImages/Property/p0/SANDICOR/180038662/0/120/90/a74563c3815adabc65114c65d1d78b2d/1/4794be46bf2aa5e021b1798049d5929b/180038662.JPG,180038662,ACT,ATT,4250 VISTA PANORAMA  201,92057,OSD,1086j3,2,3,"1,224",1986,36,"$375,000 ",7/13/18,,,For Sale,
http://cdnparap00.paragonrels.com/ParagonImages/Property/p0/SANDICOR/180039929/0/120/90/7d122e5403e4bc4e9b6f5609c0fe6b15/1/0be6a76172f8f74f7eab4b5763f77bef/180039929.JPG,180039929,ACT,ATT,4054 Craven Rd  50,92057,OSD,1086H3,3,3,"1,391",2002,29,"$424,000 ",7/19/18,,,For Sale,
http://cdnparap00.paragonrels.com/ParagonImages/Property/p0/SANDICOR/180037232/0/120/90/fa4c5da2eb526d143909bcaf649864ee/1/a3e3874952979b97b09287ad281fdf00/180037232.JPG,180037232,ACT,ATT,4034 Craven Road  34,92057,OSD,1086H3,3,3,"1,372",2003,25,"$425,000 ",7/5/18,,,For Sale,No
http://cdnparap00.paragonrels.com/ParagonImages/Property/p0/SANDICOR/180037915/0/120/90/ad304900eb1aa0441e4c9b888fde1193/1/d5fec4e22e9b7b088b2d67053ac0bb94/180037915.JPG,180037915,ACT,TOWNH,4228 Mission Ranch Way,92057,OSD,,3,3,"1,233",2018,38,"$449,990 ",7/11/18,,,For Sale,
http://cdnparap00.paragonrels.com/ParagonImages/Property/p0/SANDICOR/180031171/0/120/90/e588eacee4cd1b6734462705170c6151/1/0b39b05b375e78046ea6a049f8bf8bce/180031171.JPG,180031171,ACT,TOWNH,4233 Mission Ranch Way,92057,OSD,,3,3,"1,280",2018,71,"$458,789 ",6/8/18,,,For Sale,
http://cdnparap00.paragonrels.com/ParagonImages/Property/p0/SANDICOR/180044942/0/120/90/00dde2c4ced9ed07a0c6e0f44687f98b/1/7b8795c42618f44e4f1eec24fd6bafcf/180044942.JPG,180044942,ACT,ATT,3481 Peach Tree Way,92058,OSD,1086F2,2,2,"1,117",1979,6,"$325,000 ",8/12/18,,,For Sale,
http://cdnparap00.paragonrels.com/ParagonImages/Property/p0/SANDICOR/180039319/0/120/90/4c3f3815b9e86d28dd07f4a9d13a8e54/1/072e51a6e0f896caced02c8fc30cbacb/180039319.JPG,180039319,ACT,TOWNH,774 Timber Cove Way,92058,OSD,1066G7,3,2,"1,193",1986,31,"$339,900 ",7/18/18,,,For Sale,
http://cdnparap00.paragonrels.com/ParagonImages/Property/p0/SANDICOR/180024963/0/120/90/87263e0c0113771c10afcaf8efeded33/1/126b2938d53ce2f9130a50303ff4d91c/180024963.JPG,180024963,ACT,ATT,4261 Arcata Bay Way,92058,OSD,,3,2,"1,201",1982,100,"$374,900 ",5/10/18,,,For Sale,
http://cdnparap00.paragonrels.com/ParagonImages/Property/p0/SANDICOR/180029802/0/120/90/d16158112076da8d8aa9a9b319745153/1/0ff8e9b66c4569bc683c27a838a1282e/180029802.JPG,180029802,ACT,ATT,820 Malibu Point Way,92058,OSD,,3,2,"1,174",1988,65,"$375,000 ",6/3/18,,,For Sale,
http://cdnparap00.paragonrels.com/ParagonImages/Property/p0/SANDICOR/180042019/0/120/90/c71a9ce88322bd9d1f672394d9b22c2a/1/d547e614bab3f3d34c13a239cabdf920/180042019.JPG,180042019,ACT,ATT,231 Blossom Way,92058,OSD,,3,3,"1,342",1980,19,"$375,000 ",7/30/18,,,For Sale,
http://cdnparap00.paragonrels.com/ParagonImages/Property/p0/SANDICOR/180042374/0/120/90/d2ae5ffed79ababf970ffc80e03c13ac/1/e4fcc83c7b7068a4fe315c5105eb053e/180042374.JPG,180042374,ACT,TOWNH,777 Abalone Point Way,92058,OSD,,3,2,"1,193",1986,17,"$375,000 ",8/1/18,,,For Sale,
http://cdnparap00.paragonrels.com/ParagonImages/Property/p0/SANDICOR/180042948/0/120/90/70ff499ddc59b4cf72bc878a587ca47c/1/b93ea25fc64d2d3ac9b3ff30cf837aa0/180042948.JPG,180042948,ACT,ATT,1640 10th ave  307,92101,DWTN,,2,2,"1,131",1983,16,"$495,500 ",8/2/18,,,For Sale,No
http://cdnparap00.paragonrels.com/ParagonImages/Property/p0/SANDICOR/180039403/0/120/90/1563264a2dbfd7cec89f5896bfca8f75/1/3faad5f452c1cdfaa88432215085c13d/180039403.JPG,180039403,ACT,ATT,1643 6th Avenue  104,92101,DWTN,1289B2,2,2,"1,098",2004,31,"$499,900 ",7/18/18,,,For Sale,
http://cdnparap00.paragonrels.com/ParagonImages/Property/p0/SANDICOR/180032960/0/120/90/a8b58a7b106f039db42c4382ecca5ede/1/11cba7f10b1b6bc6365afd299f8572fd/180032960.JPG,180032960,ACT,ATT,1225 Island Ave  112,92101,DWTN,1289B4,2,2,"1,172",2005,62,"$499,999 ",6/17/18,,,For Sale,
http://cdnparap00.paragonrels.com/ParagonImages/Property/p0/SANDICOR/180045477/0/120/90/4b99869a62d752b62ff8934e4be15598/1/ba6ad10c076d7d008f3bca786cebf8c3/180045477.JPG,180045477,ACT,ATT,1501 Front St  216,92101,DWTN,1289A2,2,2,"1,058",2004,3,"$509,000 ",8/15/18,,,For Sale,
http://cdnparap00.paragonrels.com/ParagonImages/Property/p0/SANDICOR/180037213/0/120/90/132c2c9e454343c1c269e8f5bd2ecad3/1/bd81fbe9674ae3a4dc25bb4fa1ca9759/180037213.JPG,180037213,ACT,ATT,1640 10Th Ave  308,92101,DWTN,1289B2,2,2,"1,147",1983,42,"$519,000 - $529,000",7/7/18,,,For Sale,
http://cdnparap00.paragonrels.com/ParagonImages/Property/p0/SANDICOR/180045040/0/120/90/8e33993460f7db8c48eac6af5c27d112/1/f7a0be62ab4c982b63d1c550dca453c3/180045040.JPG,180045040,ACT,ATT,550 Park Blvd  2202,92101,DWTN,1289B4,2,2,"1,105",2004,5,"$529,900 ",8/13/18,,,For Sale,
http://cdnparap00.paragonrels.com/ParagonImages/Property/p0/SANDICOR/180032928/0/120/90/40cfd2135608f4e0480a327feef81451/1/ede7ab86c36585a37113115ee061c581/180032928.JPG,180032928,ACT,ATT,1514 7th Ave.  101,92101,DWTN,,2,2,"1,069",1981,62,"$534,900 ",6/16/18,,,For Sale,
http://cdnparap00.paragonrels.com/ParagonImages/Property/p0/SANDICOR/180042110/0/120/90/a128fb24dae570cfafae42db5e570809/1/04d23ceac3e3bc53f0159d126b39a1a3/180042110.JPG,180042110,ACT,ATT,1501 Front St  422,92101,DWTN,1289A2,2,2,"1,058",2004,18,"$535,000 ",7/31/18,,,For Sale,
http://cdnparap00.paragonrels.com/ParagonImages/Property/p0/SANDICOR/180036321/0/120/90/fedc5e28dde62c773b9e156611dcf5d2/1/78046012528c1d92d6e0b663639888e5/180036321.JPG,180036321,ACT,ATT,1150 J Street  108,92101,DWTN,,2,2,"1,323",2005,46,"$549,000 ",7/3/18,,,For Sale,
http://cdnparap00.paragonrels.com/ParagonImages/Property/p0/SANDICOR/180044886/0/120/90/9242cf2040353ac68e5a012cb9a063bc/1/fd90933f74c4cccb4f96538b72b84bfa/180044886.JPG,180044886,ACT,ATT,206 Park Blvd  210,92101,DWTN,,2,2,"1,033",2006,7,"$549,900 - $599,900",8/11/18,,,For Sale,
http://cdnparap00.paragonrels.com/ParagonImages/Property/p0/SANDICOR/180044791/0/120/90/59f780760f260fe78637781bd320dbdc/1/5d81353a88267dc977ee201634e6cc04/180044791.JPG,180044791,ACT,TOWNH,1281 34th St  3,92102,SD,,2,2,"1,087",1982,8,"$389,000 ",8/10/18,,,For Sale,
http://cdnparap00.paragonrels.com/ParagonImages/Property/p0/SANDICOR/180028380/0/120/90/73feddb7319a5bcbf4fe3c29ac7501e7/1/5423f6b22233c9204008d3815a901f90/180028380.JPG,180028380,ACT,TOWNH,4854 Charles Lews Way,92102,SD,,3,3,"1,641",2010,83,"$410,000 ",5/27/18,,,For Sale,
http://cdnparap00.paragonrels.com/ParagonImages/Property/p0/SANDICOR/180046211/0/120/90/af177c52babdef810f4ab5198ef51617/1/ba93705ef4e1ae4ceb726b6cfa3749ec/180046211.JPG,180046211,ACT,ATT,3775 Georgia Street  306,92103,HI,,2,2,"1,003",1990,1,"$449,000 ",8/17/18,,,For Sale,
http://cdnparap00.paragonrels.com/ParagonImages/Property/p0/SANDICOR/180038639/0/120/90/12fa903445f691e4b443a128c8a825b2/1/98439785d950b531ba6506083dd53ed0/180038639.JPG,180038639,ACT,ATT,3606 1st Avenue  101,92103,HI,,2,2,"1,039",1985,36,"$479,000 ",7/13/18,,,For Sale,
http://cdnparap00.paragonrels.com/ParagonImages/Property/p0/SANDICOR/180043890/0/120/90/dcdf1be7be4efb04b1dd0b0b67049d83/1/f3453b4a6e32de670408ac5313d87db7/180043890.JPG,180043890,ACT,ATT,3666 3rd Avenue  204,92103,SD,,2,2,"1,051",1988,10,"$479,500 ",8/8/18,,,For Sale,
http://cdnparap00.paragonrels.com/ParagonImages/Property/p0/SANDICOR/180036485/0/120/90/ab8cd026d335116c072fda26e381fab1/1/5c9f2bdd2efd91c73783f6485ba27340/180036485.JPG,180036485,ACT,ATT,836 W Pennsylvania Ave  205,92103,MH,1268J6,2,2,"1,025",1973,45,"$499,000 ",7/4/18,,,For Sale,No
http://cdnparap00.paragonrels.com/ParagonImages/Property/p0/SANDICOR/180044883/0/120/90/18249f5d70f2313ebf53620bf825f436/1/8dbe026e55b33d6d84f5a15146929e54/180044883.JPG,180044883,ACT,TWINH,3782 DOVE ST,92103,MH,1268J6,3,2,"1,159",1963,7,"$524,900 ",8/11/18,,,For Sale,
http://cdnparap00.paragonrels.com/ParagonImages/Property/p0/SANDICOR/180045431/0/120/90/2c24d5dcb3ab1f72e232649a568c2e16/1/1a1e0a4e64d45fb228859f4bf074a991/180045431.JPG,180045431,ACT,TOWNH,1289 Terracina Ln,92103,MH,1268J7,2,3,"1,168",2003,3,"$529,000 ",8/15/18,,,For Sale,
http://cdnparap00.paragonrels.com/ParagonImages/Property/p0/SANDICOR/180041319/0/120/90/2e56135377ad53d01183047a39d2f224/1/f9b2a32ed8b5b2f62cdc4925ebe3f16e/180041319.JPG,180041319,ACT,ATT,3939 Eagle  204,92103,MH,,2,2,"1,006",1982,23,"$519,444 - $534,444",7/26/18,,,For Sale,
http://cdnparap00.paragonrels.com/ParagonImages/Property/p0/SANDICOR/180040794/0/120/90/8f3a775c65f618e574815d04f68d21d2/1/4759e4fe9000b31155dcad60e8595110/180040794.JPG,180040794,ACT,ATT,4080 Front Street  204,92103,HI,,2,2,"1,099",2002,24,"$535,000 ",7/24/18,,,For Sale,
http://cdnparap00.paragonrels.com/ParagonImages/Property/p0/SANDICOR/180032368/0/120/90/15a79d5dc3861d688eed7cfdec1a077a/1/e9de95533bc4bc72bca9b7d75653453e/180032368.JPG,180032368,ACT,ATT,909 Sutter Street  304,92103,MH,1268J6,2,2,"1,258",1988,65,"$549,000 ",6/14/18,,,For Sale,
http://cdnparap00.paragonrels.com/ParagonImages/Property/p0/SANDICOR/180034657/0/120/90/01bd8bb49ff9f70da6412b3a47ba6cff/1/b7482fc00fc79d719d473466f1353623/180034657.JPG,180034657,ACT,ATT,521 Arbor Dr  202,92103,HI,1269A5,2,2,"1,167",1992,54,"$549,000 ",6/25/18,,,For Sale,
http://cdnparap00.paragonrels.com/ParagonImages/Property/p0/SANDICOR/180040116/0/120/90/819a870734c3ab36277a8b29ec242836/1/da4d42f703300f7294c5d55df91d873f/180040116.JPG,180040116,ACT,ATT,1950 Upas St  101,92104,NP,1269C6,2,2,"1,184",1985,29,"$500,000 - $525,000",7/20/18,,,For Sale,
http://cdnparap00.paragonrels.com/ParagonImages/Property/p0/SANDICOR/180044175/0/120/90/25e89bfb1cb0e13c7e0e1c72e20508a6/1/18ca75a93285039d05603725d5974389/180044175.JPG,180044175,ACT,ATT,2828 University Ave  201,92104,SD,,4,2,"1,320",1989,9,"$549,990 ",8/9/18,,,For Sale,
http://cdnparap00.paragonrels.com/ParagonImages/Property/p0/SANDICOR/180037854/0/120/90/7210a9b7f67c997dc2f8a8f935b8f94a/1/a1790ad39c26830952641f3a1cc7d439/180037854.JPG,180037854,ACT,ATT,5231 Caminito Mindy,92105,ESD,1270A7,3,2,"1,020",1974,38,"$329,980 ",7/11/18,,,For Sale,
http://cdnparap00.paragonrels.com/ParagonImages/Property/p0/SANDICOR/180045199/0/120/90/4025c41315b87333fe621e17a79fdf5b/1/339103d14deaea6bf2580559514d7275/180045199.JPG,180045199,ACT,TOWNH,3460 39th Street  C,92105,SD,,2,2,"1,020",1981,4,"$369,000 ",8/14/18,,,For Sale,
http://cdnparap00.paragonrels.com/ParagonImages/Property/p0/SANDICOR/180028337/0/120/90/bdfeefe370b79ea4757c79989762ef5c/1/20244354619fff45a4d57c5eb85f401c/180028337.JPG,180028337,ACT,ATT,5404 Olive St  C,92105,COL,1270B7,3,2,"1,409",1981,83,"$370,000 ",5/26/18,,,For Sale,
http://cdnparap00.paragonrels.com/ParagonImages/Property/p0/SANDICOR/180040318/0/120/90/ba0085e9237424e6649ccbf9ce001b21/1/3f14e6700cd62f327facfaf8a06582cc/180040318.JPG,180040318,ACT,ATT,5244 Caminito Cachorro,92105,ESD,,3,3,"1,330",1986,28,"$419,950 ",7/21/18,,,For Sale,No
http://cdnparap00.paragonrels.com/ParagonImages/Property/p0/SANDICOR/180044606/0/120/90/e1340e669239fc0ae7b52fc567efe744/1/feb2b7a540e2b9be9aa48f0f1ae4a24f/180044606.JPG,180044606,ACT,ATT,5404 Olive St  B,92105,COL,,3,2,"1,320",1981,8,"$399,000 - $425,000",8/10/18,,,For Sale,
http://cdnparap00.paragonrels.com/ParagonImages/Property/p0/SANDICOR/180045993/0/120/90/5ca0f1a3dd95ad8a9542e0464f099aca/1/52b452927a1caf0ebbfbc4012eda4eae/180045993.JPG,180045993,ACT,TOWNH,5319 Caminito Cachorro,92105,SD,1270A7,3,3,"1,330",1986,1,"$434,000 ",8/17/18,,,For Sale,
http://cdnparap00.paragonrels.com/ParagonImages/Property/p0/SANDICOR/180045650/0/120/90/4e4e3d22c55e20d95d66e1a52d45c691/1/bedc45b7ae71abed03f08b782b7e499c/180045650.JPG,180045650,ACT,TOWNH,3042 Macaulay,92106,PL,,2,3,"1,080",1975,3,"$550,000 ",8/15/18,,,For Sale,
http://cdnparap00.paragonrels.com/ParagonImages/Static/120/90/63ed1da6b1b960795b2d411bf69cfae5/NoPhotoAvailable.jpg,180046225,ACT,TOWNH,8079 Caminito De Pizza  F,92108,MV,1269B2,2,2,"1,020",1975,1,"$355,000 ",8/17/18,,,For Sale,
http://cdnparap00.paragonrels.com/ParagonImages/Property/p0/SANDICOR/180023083/0/120/90/24a874fbe06bcc21fd0d66ea97baed82/1/c748665e44c5146453eb4a2d05955875/180023083.JPG,180023083,ACT,ATT,8085 Caminito De Pizza  R,92108,MV,1269B2,2,2,"1,020",1975,108,"$355,000 ",5/2/18,,,For Sale,
http://cdnparap00.paragonrels.com/ParagonImages/Property/p0/SANDICOR/180043289/0/120/90/7df166dda098b1c273a58464d2093780/1/e88dfe83bcea29d08f90645cbee2ff2b/180043289.JPG,180043289,ACT,ATT,10425 Caminito Cuervo  224,92108,MV,,2,2,"1,103",1977,15,"$399,000 ",8/1/18,,,For Sale,
http://cdnparap00.paragonrels.com/ParagonImages/Property/p0/SANDICOR/180042531/0/120/90/df601fddbc36cf4e9dee549fc8b30705/1/9a1cc760ed5edde57401d8e6d88d3ee0/180042531.JPG,180042531,ACT,ATT,10300 Caminito Cuervo  50,92108,MV,1249G7,2,2,"1,103",1978,17,"$429,000 ",8/1/18,,,For Sale,
http://cdnparap00.paragonrels.com/ParagonImages/Property/p0/SANDICOR/180045052/0/120/90/2c3cef7c6293dc872a718744a3b4e14b/1/237aa41759f6bc2d16f29375636ec4ef/180045052.JPG,180045052,ACT,ATT,6717 Friars Rd  91,92108,MV,1268J3,2,2,"1,059",1979,5,"$445,000 ",8/13/18,,,For Sale,
http://cdnparap00.paragonrels.com/ParagonImages/Property/p0/SANDICOR/180043517/0/120/90/611bd6f4d58c45ba1bbeaa4d8f09738d/1/fbb011ac0a94202e2606a21979937f95/180043517.JPG,180043517,ACT,ATT,6363 Rancho Mission Road  4,92108,MV,,2,2,"1,349",1978,12,"$450,000 ",7/27/18,,,For Sale,
http://cdnparap00.paragonrels.com/ParagonImages/Property/p0/SANDICOR/180038861/0/120/90/b9ee141913a020573f73fdc127b8ea4b/1/28a16b4e3f189094403b3d1ca310ffbc/180038861.JPG,180038861,ACT,ATT,2188 Gill Village Way  812,92108,MV,,2,2,"1,122",2002,34,"$460,000 ",7/15/18,,,For Sale,
http://cdnparap00.paragonrels.com/ParagonImages/Property/p0/SANDICOR/180045243/0/120/90/8b1b2a092248c6dfb916ff4359169e5c/1/a8adfcfd9fa5106b7dcd366e9c911881/180045243.JPG,180045243,ACT,ATT,10325 Caminito Cuervo  193,92108,MV,1249G7,3,2,"1,352",1978,4,"$499,000 ",8/14/18,,,For Sale,
http://cdnparap00.paragonrels.com/ParagonImages/Property/p0/SANDICOR/180045012/0/120/90/2575303a04aebf33eaaee0b07f048b91/1/dd166354db6e0292e53b4d52331a1436/180045012.JPG,180045012,ACT,ATT,2002 Missouri St  6,92109,PB,1248A5,2,2,"1,080",1968,5,"$455,000 ",8/13/18,,,For Sale,
http://cdnparap00.paragonrels.com/ParagonImages/Property/p0/SANDICOR/180041763/0/120/90/fcb922560b5aa8fc557b5ff96c3b098b/1/59b37463e8f58264e198b2bdb9f03375/180041763.JPG,180041763,ACT,ATT,1855 Diamond St  113,92109,PB,1248A5,2,2,"1,033",1975,21,"$465,000 ",7/28/18,,,For Sale,
http://cdnparap00.paragonrels.com/ParagonImages/Property/p0/SANDICOR/180042068/0/120/90/99f7660b94f2e777d177006c98ffe344/1/755d017899ff81063ad86c3f3eced2ae/180042068.JPG,180042068,ACT,ATT,4600 Lamont  4-127,92109,PB,,2,2,"1,033",1975,9,"$449,000 - $469,000",7/30/18,,,For Sale,
http://cdnparap00.paragonrels.com/ParagonImages/Property/p0/SANDICOR/180045668/0/120/90/94dd9c354d93e8753630b7065e84db10/1/254a9103511d8fd155901e88773f7bd1/180045668.JPG,180045668,ACT,ATT,4809 Bella Pacific Row  102,92109,PB,1248C4,2,2,"1,110",1987,3,"$474,900 ",8/15/18,,,For Sale,
http://cdnparap00.paragonrels.com/ParagonImages/Property/p0/SANDICOR/180041438/0/120/90/6ca52ece2d01ad57c134c64e0fb338bd/1/2d803711a5e1acd58c64b11b27fb3867/180041438.JPG,180041438,ACT,ATT,4833 Bella Pacific  222,92109,PB,,2,2,"1,094",1987,9,"$484,900 ",7/26/18,,,For Sale,
http://cdnparap00.paragonrels.com/ParagonImages/Property/p0/SANDICOR/180035443/0/120/90/10bc60ba32c42d1709212f29af569733/1/3398d8c4fb2718b6d7099e60cc5a3c17/180035443.JPG,180035443,ACT,ATT,5790 Friars Rd  E4,92110,OT,,2,2,"1,100",1981,51,"$410,000 - $415,000",6/18/18,,,For Sale,
http://cdnparap00.paragonrels.com/ParagonImages/Property/p0/SANDICOR/180044768/0/120/90/05680f5fedd29763f5b63413107ae448/1/8a9022185e96941c08c68e81a6945a42/180044768.JPG,180044768,ACT,ATT,5780 Friars  B2,92110,MV,,2,2,"1,200",1981,8,"$429,900 ",8/3/18,,,For Sale,
http://cdnparap00.paragonrels.com/ParagonImages/Property/p0/SANDICOR/180045017/0/120/90/70fa917ab3bbd1fec57064dc7b899792/1/1ab13923af73851348c5f955ae203a7a/180045017.JPG,180045017,ACT,ATT,3845 Groton St  3,92110,PL,1268C5,2,2,"1,018",1964,5,"$429,900 ",8/13/18,,,For Sale,
http://cdnparap00.paragonrels.com/ParagonImages/Property/p0/SANDICOR/180033113/0/120/90/a5d02f43da2e372c763a0575b090a697/1/bf743bd23b7b8072f96acac43eb6e258/180033113.JPG,180033113,ACT,ATT,1055 Donahue  7,92110,MV,,2,2,"1,259",1989,61,"$449,000 ",6/18/18,,,For Sale,
http://cdnparap00.paragonrels.com/ParagonImages/Property/p0/SANDICOR/180025703/0/120/90/b6315e32c429ddf0ab768920f5c5be5d/1/2078f4cf0ff45d455c23672c2e2725f3/180025703.JPG,180025703,ACT,ATT,5645 Friars  350,92110,SD,1268g3,3,2,"1,331",1980,92,"$459,999 ",5/14/18,,,For Sale,
http://cdnparap00.paragonrels.com/ParagonImages/Property/p0/SANDICOR/180023022/0/120/90/b12a13fa1719f47ab08a8afa23bcf67d/1/8c8d2f4e4d1382b5ae197d732692f618/180023022.JPG,180023022,ACT,TOWNH,5722 Riley Street  5,92110,BP,,3,2,"1,188",1989,108,"$460,000 - $485,000",5/2/18,,,For Sale,
http://cdnparap00.paragonrels.com/ParagonImages/Property/p0/SANDICOR/180040138/0/120/90/11e4a2f95bc4c6819de30a15a0883d94/1/ff60dcc936feac26727cdc38a2eb2c10/180040138.JPG,180040138,ACT,TOWNH,3471 Coastline,92110,PL,,2,2,"1,227",2006,29,"$485,000 ",7/20/18,,,For Sale,
http://cdnparap00.paragonrels.com/ParagonImages/Property/p0/SANDICOR/180045948/0/120/90/dcdd44e9ed39ebb1470d2e578e2a0952/1/2b664a458707b8796e5b34f20d2c4d2a/180045948.JPG,180045948,ACT,ATT,4070 Loma Riviera Circle,92110,PL,1268C5,3,2,"1,440",1965,2,"$490,000 ",8/16/18,,,For Sale,
http://cdnparap00.paragonrels.com/ParagonImages/Property/p0/SANDICOR/180045566/0/120/90/1601e03d1c6618a2f7b4ea97c955144f/1/c529bd94db60f8cf20a4169c59a68484/180045566.JPG,180045566,ACT,TOWNH,3465 Coastline Pl,92110,PL,1268D5,2,2,"1,227",2007,3,"$499,000 ",8/15/18,,,For Sale,
http://cdnparap00.paragonrels.com/ParagonImages/Property/p0/SANDICOR/180045269/0/120/90/d8c2e6f2cfea75260b21346c93789480/1/18346f480c68cb78bf1b651cc3fc7657/180045269.JPG,180045269,ACT,ATT,4147 Loma Riviera Ln,92110,PL,1268C5,2,2,"1,440",1965,4,"$499,000 - $519,000",8/14/18,,,For Sale,
http://cdnparap00.paragonrels.com/ParagonImages/Property/p0/SANDICOR/180044849/0/120/90/8c712b11b71e8fc620cc3d78a9955489/1/e1548f327e509b28183bff6373a014dc/180044849.JPG,180044849,ACT,ATT,4239 Loma Riviera Ln,92110,PL,1268C5,3,2,"1,400",1965,5,"$529,000 - $539,000",8/11/18,,,For Sale,
http://cdnparap00.paragonrels.com/ParagonImages/Property/p0/SANDICOR/180038466/0/120/90/fe9e377562bd3e7b9bf0bf22e36101f6/1/edde08ce3ba0dc2b4bcbc4ab66172207/180038466.JPG,180038466,ACT,ATT,3264 Loma Riviera Dr,92110,PL,1268C5,2,2,"1,400",1967,36,"$539,000 ",7/13/18,,,For Sale,
http://cdnparap00.paragonrels.com/ParagonImages/Property/p0/SANDICOR/180041827/0/120/90/53224838fceab0686c04cf1ec0f31aa1/1/56fab5f2ebcb14dd14d73dd9075ef72f/180041827.JPG,180041827,ACT,TOWNH,3204 Loma Riviera Dr,92110,SD,1268C5,2,2,"1,440",1965,20,"$545,000 ",7/29/18,,,For Sale,
http://cdnparap00.paragonrels.com/ParagonImages/Property/p0/SANDICOR/180044630/0/120/90/31f74132f16045e13ab7ad4eb83b9c16/1/cfb99012f8d890ca05fecee4adb1d534/180044630.JPG,180044630,ACT,ATT,3747 Keating Street  2,92110,MH,,2,3,"1,433",1981,8,"$550,000 ",8/10/18,,,For Sale,
http://cdnparap00.paragonrels.com/ParagonImages/Property/p0/SANDICOR/180036104/0/120/90/1787db404d70ffbff4fb5556c56da06c/1/1c717679d54aebe41b4b3da6608bfe57/180036104.JPG,180036104,ACT,ATT,4104 Mount Alifan Place  D,92111,CLM,,2,2,"1,052",1973,47,"$329,000 ",7/2/18,,,For Sale,
http://cdnparap00.paragonrels.com/ParagonImages/Property/p0/SANDICOR/180045604/0/120/90/2996473ffce31de59a7a8d366b7b664a/1/eeae80179a3739184f5877cd680c1d63/180045604.JPG,180045604,ACT,ATT,4140 Mount Alifan Pl  D,92111,CLM,1248H3,3,2,"1,132",1973,3,"$369,000 ",8/13/18,,,For Sale,
http://cdnparap00.paragonrels.com/ParagonImages/Property/p0/SANDICOR/180040936/0/120/90/822e328c90e7e4a251a9f65fff5183ae/1/0d2f9a2b557bc3ef3ea44af0fe668d4d/180040936.JPG,180040936,ACT,ATT,6555 Mount Ada Rd  222,92111,CLM,1248H3,3,2,"1,015",1972,24,"$399,995 ",7/25/18,,,For Sale,No
http://cdnparap00.paragonrels.com/ParagonImages/Property/p0/SANDICOR/180044637/0/120/90/89534a36adf01376c1d4950baf6a7f2a/1/b66c0977eb48670a923c3478bec81cd0/180044637.JPG,180044637,ACT,ATT,4169 Mount Alifan Place  B,92111,CLM,1248H3,3,2,"1,112",1973,8,"$390,000 - $405,000",8/10/18,,,For Sale,
http://cdnparap00.paragonrels.com/ParagonImages/Property/p0/SANDICOR/180044701/0/120/90/b4500b67fdfd014fd5d2c2bac6f8c438/1/140a67a689cab73536ff49668c69a4b8/180044701.JPG,180044701,ACT,ATT,4198 Mount Alifan Pl  J,92111,CLM,1248H3,2,2,"1,140",1973,8,"$375,000 - $405,000",8/10/18,,,For Sale,
http://cdnparap00.paragonrels.com/ParagonImages/Property/p0/SANDICOR/180039768/0/120/90/fc58c43b5fb666c8e9384ebd884e6254/1/a6a971f9cbfb442fc6b4c64035a12570/180039768.JPG,180039768,ACT,TOWNH,5570 Caminito Roberto,92111,CLM,1248H3,2,2,"1,000",1973,30,"$420,000 ",7/19/18,,,For Sale,
http://cdnparap00.paragonrels.com/ParagonImages/Property/p0/SANDICOR/180045648/0/120/90/9716ba37e436e539e13a22b1edae6ab0/1/101ed4896175e70c42e55b6fc66aa578/180045648.JPG,180045648,ACT,ATT,2042 Coolidge St.  102,92111,LV,,3,2,"1,190",1994,3,"$440,000 ",8/15/18,,,For Sale,
http://cdnparap00.paragonrels.com/ParagonImages/Property/p0/SANDICOR/180033141/0/120/90/c168b2a98ae8dec97125b4926dabdf13/1/1e45f9d6c71bb9bf925e0e991d4c968d/180033141.JPG,180033141,ACT,TOWNH,5605 Caminito Katerina,92111,CLM,1248H3,2,2,"1,000",1973,61,"$464,000 ",6/18/18,,,For Sale,
http://cdnparap00.paragonrels.com/ParagonImages/Property/p0/SANDICOR/180045482/0/120/90/3cf564cf372278c26057b3d49fd0e4d5/1/5af26812ab38a4da063758734f51f1a9/180045482.JPG,180045482,ACT,ATT,7224 Camino Degrazia  260,92111,MV,,3,2,"1,271",1988,3,"$465,000 ",8/15/18,,,For Sale,
http://cdnparap00.paragonrels.com/ParagonImages/Property/p0/SANDICOR/180044410/0/120/90/8e3b6af9cda39a276e8f949f113278b3/1/fcb8cb0f2333503a628c072e1437dd2c/180044410.JPG,180044410,ACT,ATT,7099 Park Mesa Way  65,92111,CLM,,2,3,"1,072",1980,9,"$472,500 ",8/9/18,,,For Sale,
http://cdnparap00.paragonrels.com/ParagonImages/Property/p0/SANDICOR/180042446/0/120/90/91304c1a5c604857a0f2275032cf6db2/1/7904d6ad6ce43fd3c97c15c8cb0c321b/180042446.JPG,180042446,ACT,ATT,5522 Caminito Katerina,92111,CLM,1248H3,3,2,"1,210",1973,17,"$460,000 - $474,000",8/1/18,,,For Sale,
http://cdnparap00.paragonrels.com/ParagonImages/Property/p0/SANDICOR/180028688/0/120/90/f98e1c7aa9c2c3e0c1d94a07164f3964/1/95d1f8524adf9988b8e86a109ee30d29/180028688.JPG,180028688,ACT,TOWNH,3988 Caminito Patricia,92111,CLM,1248H3,4,3,"1,386",1973,80,"$495,000 ",5/30/18,,,For Sale,No
http://cdnparap00.paragonrels.com/ParagonImages/Property/p0/SANDICOR/180043268/0/120/90/5cae33ca069cb7a2e49a5b0caeabadd7/1/73546a4d0fc7aaded6ca53ce4fe6a463/180043268.JPG,180043268,ACT,ATT,6373 Caminito Salado,92111,LV,,3,2,"1,392",1973,15,"$529,000 - $539,000",8/3/18,,,For Sale,
http://cdnparap00.paragonrels.com/ParagonImages/Property/p0/SANDICOR/180036788/0/120/90/3cad084332970805d38a78be41fc758b/1/1dbc73b279f28152149e84eb8fcec983/180036788.JPG,180036788,ACT,TOWNH,5386 Mount Alifan Dr,92111,SD,1248G3,3,2,"1,766",1966,19,"$539,000 ",7/5/18,,,For Sale,
http://cdnparap00.paragonrels.com/ParagonImages/Property/p0/SANDICOR/180046090/0/120/90/71454f9ee5609f7558f41dea3739753a/1/7f50486aa7ea0d5f760a8e7ca512aa33/180046090.JPG,180046090,ACT,TOWNH,5204 Mount Alifan,92111,CLM,,4,2,"1,702",1967,1,"$519,000 - $539,000",8/17/18,,,For Sale,
http://cdnparap00.paragonrels.com/ParagonImages/Property/p0/SANDICOR/180045729/0/120/90/d822d4891d260fd2ccaff3dc3d016fb3/1/4ade698721b481ef8dd20dee6faa4031/180045729.JPG,180045729,ACT,TOWNH,1149 S 41st St 26,92113,ESD,,3,2,"1,240",1980,2,"$298,000 - $328,000",8/16/18,,,For Sale,
http://cdnparap00.paragonrels.com/ParagonImages/Property/p0/SANDICOR/180042690/0/120/90/ab50688b09a0160cf216e4c3f47ac428/1/d6cafbd62f13dff49fdfc6e2d78edb35/180042690.JPG,180042690,ACT,TOWNH,4300 Newton Avenue  103,92113,SD,,4,3,"1,457",2007,16,"$399,999 - $419,999",8/2/18,,,For Sale,
http://cdnparap00.paragonrels.com/ParagonImages/Property/p0/SANDICOR/180039990/0/120/90/369eeae2671575f401c2563a9b9d83e8/1/00ae4aeb9f22615ffdaae689c571eecf/180039990.JPG,180039990,ACT,ATT,425 S Meadowbrook Dr 129,92114,ENCTO,1290H5,3,3,"1,535",2007,29,"$424,500 ",7/19/18,,,For Sale,
http://cdnparap00.paragonrels.com/ParagonImages/Property/p0/SANDICOR/180043171/0/120/90/cf4aa9cc15e02174940f2eab789f511b/1/64c54a9bbcfb9af7cba5dd8b57b36944/180043171.JPG,180043171,ACT,ATT,4897 Collwood Blvd  A,92115,COL,1270A2,2,2,"1,056",1970,15,"$309,900 ",8/3/18,,,For Sale,
http://cdnparap00.paragonrels.com/ParagonImages/Property/p0/SANDICOR/180039673/0/120/90/a9bca78f235c4a96d4acdd17efc0f906/1/6486a684a5153dd4de4a8c7ace4ef4e6/180039673.JPG,180039673,ACT,ATT,4534 60th  115,92115,SD,,3,2,"1,030",1996,30,"$330,000 ",7/19/18,,,For Sale,
http://cdnparap00.paragonrels.com/ParagonImages/Property/p0/SANDICOR/180040943/0/120/90/b46be00c82118eb1518b61a01c27775a/1/acc2b76af7a48e9b90815c51f383246c/180040943.JPG,180040943,ACT,ATT,3980 FAIRCROSS PL  11,92115,COL,,3,3,"1,193",1985,24,"$349,000 ",7/25/18,,,For Sale,
http://cdnparap00.paragonrels.com/ParagonImages/Property/p0/SANDICOR/180041957/0/120/90/53dabda7664d67786de833c9561cb1bc/1/1915e6982e1889967ffde7782dbb5bc9/180041957.JPG,180041957,ACT,ATT,5985 Dandridge Lane  98,92115,SD,,2,2,"1,069",1985,19,"$355,000 ",7/30/18,,,For Sale,
http://cdnparap00.paragonrels.com/ParagonImages/Property/p0/SANDICOR/180044517/0/120/90/f9136a3e78fdf6e13279331a2a427edf/1/eb463a2041a0b370bb20dc78aa62c5d5/180044517.JPG,180044517,ACT,TOWNH,3926 60Th St  180,92115,COL,1270C5,3,3,"1,147",1984,8,"$349,000 - $374,900",8/10/18,,,For Sale,
http://cdnparap00.paragonrels.com/ParagonImages/Property/p0/SANDICOR/180033506/0/120/90/399d22bef1253756ba7150d8a61330b4/1/53e4e27f6e49742993f8c708f548c93d/180033506.JPG,180033506,ACT,ATT,4108 Collwood Lane,92115,TALM,,3,2,"1,452",1967,59,"$459,000 ",6/20/18,,,For Sale,
http://cdnparap00.paragonrels.com/ParagonImages/Property/p0/SANDICOR/180030679/0/120/90/f05de30bc3eaf7097c40fb3199b6daf1/1/f392577b0b83d8f2e4c34830d7e5a953/180030679.JPG,180030679,ACT,ATT,2323 Adams Ave  106,92116,UH,1269D3,2,2,"1,160",1982,57,"$437,500 ",6/7/18,,,For Sale,
http://cdnparap00.paragonrels.com/ParagonImages/Property/p0/SANDICOR/180040560/0/120/90/eab9f6651fc6decb4c5bdf761fa56d76/1/9f0b831a28a46ad43c2cb59b8225f7c7/180040560.JPG,180040560,ACT,TOWNH,4733 W Mountain View Dr 2,92116,NH,1.27E+06,2,2,"1,094",1981,25,"$499,999 ",7/24/18,,,For Sale,
http://cdnparap00.paragonrels.com/ParagonImages/Property/p0/SANDICOR/180026599/0/120/90/13d05bb9989fae0861ebaa68a7f04eb5/1/ebb3bc99117b16f8ef52e58d89b0a66c/180026599.JPG,180026599,ACT,ATT,5170 Clairemont Mesa Boulevard  17,92117,CLM,,2,2,"1,026",1983,93,"$365,000 - $384,000",5/17/18,,,For Sale,No
http://cdnparap00.paragonrels.com/ParagonImages/Property/p0/SANDICOR/180039952/0/120/90/ce9cde6fe7307cef971950b1bdd72f0d/1/9c16eee4f51df09f37b409f8c1fcf857/180039952.JPG,180039952,ACT,TOWNH,4459 Clairemont Drive  B,92117,CLM,1.25E+05,2,3,"1,094",1988,22,"$443,700 ",7/20/18,,,For Sale,
http://cdnparap00.paragonrels.com/ParagonImages/Property/p0/SANDICOR/180037637/0/120/90/502c54c95d8b3646e63fef11e43bf206/1/c0905d0e4d94dc9b00c385d90287d619/180037637.JPG,180037637,ACT,TOWNH,3505 Monair Dr  A,92117,CLM,1248D4,3,2,"1,236",1981,38,"$450,000 - $460,000",7/10/18,,,For Sale,
http://cdnparap00.paragonrels.com/ParagonImages/Property/p0/SANDICOR/180036997/0/120/90/bdb0d4c9b6d7f2bf06a3477a5ca91d69/1/acc7a26228461c193c750ceb15c41862/180036997.JPG,180036997,ACT,ATT,2727 Morena Blvd  206,92117,BP,1.25E+10,2,2,"1,200",1974,43,"$498,000 ",7/6/18,,,For Sale,
http://cdnparap00.paragonrels.com/ParagonImages/Property/p0/SANDICOR/180021569/0/120/90/b17124c4368e623ff5d60c673e909257/1/b3da593bdd1693f09954ab14295d43a3/180021569.JPG,180021569,ACT,TOWNH,3707 Balboa Terrace  A,92117,CLM,1.25E+07,2,2,"1,241",1982,115,"$505,000 ",4/25/18,,,For Sale,
http://cdnparap00.paragonrels.com/ParagonImages/Property/p0/SANDICOR/180044531/0/120/90/26d87092ddb7a35f5b3b9c82517bb646/1/f570827bf02426c4e34bc27bcb0f6fb3/180044531.JPG,180044531,ACT,TOWNH,4166 Balboa Way,92117,CLM,48G3,3,3,"1,872",1968,8,"$549,000 - $569,000",8/10/18,,,For Sale,
http://cdnparap00.paragonrels.com/ParagonImages/Property/p0/SANDICOR/180022762/0/120/90/f7d89c59722043e0067ed6ce8ada14c7/1/8d4c97ef2b67f16bf17f56d4dece1e6b/180022762.JPG,180022762,ACT,ATT,6930 Hyde Park Dr.  106,92119,SC,1.25E+08,2,2,"1,014",1974,109,"$315,000 ",5/1/18,,,For Sale,
http://cdnparap00.paragonrels.com/ParagonImages/Property/p0/SANDICOR/180040206/0/120/90/2573d2c6917a21ee51436408b4e4e92e/1/64f464a005f2a5a1c45bc23b4c8c85e7/180040206.JPG,180040206,ACT,ATT,6868 Hyde Park Dr  M,92119,SC,1.25E+08,2,2,"1,094",1971,11,"$329,999 ",7/21/18,,,For Sale,
http://cdnparap00.paragonrels.com/ParagonImages/Property/p0/SANDICOR/180042766/0/120/90/e66faa1d766a7bb732dbf59991a627ba/1/3394974086cfc716a9e27acfcc82fe10/180042766.JPG,180042766,ACT,ATT,6816 Hyde Park Dr  Unit N,92119,SC,1.25E+08,2,2,"1,094",1971,16,"$332,500 ",8/2/18,,,For Sale,
http://cdnparap00.paragonrels.com/ParagonImages/Property/p0/SANDICOR/180046246/0/120/90/d4c9db5249bd58e78fa847bb93185783/1/68d967bc2304691afaa04f375316736c/180046246.JPG,180046246,ACT,ATT,6816 Hyde Park Dr  O,92119,SC,1.25E+08,2,2,"1,094",1971,1,"$335,000 ",8/17/18,,,For Sale,
http://cdnparap00.paragonrels.com/ParagonImages/Property/p0/SANDICOR/180046316/0/120/90/6b6dc4047ac8b223bedd45ee826f15ef/1/6bf4fbdc052e78aac256dd0f80d15083/180046316.JPG,180046316,ACT,ATT,6924 Hyde Park Dr.  317,92119,SC,1.25E+08,2,2,"1,014",1974,0,"$350,000 ",8/18/18,,,For Sale,No
http://cdnparap00.paragonrels.com/ParagonImages/Property/p0/SANDICOR/180043685/0/120/90/15f7707db36f59e5373a0e1f73bb1dfb/1/12605c4f77ff166de15e0e8034412dc9/180043685.JPG,180043685,ACT,ATT,7245 Navajo Road  120D,92119,SC,,2,2,"1,259",1987,11,"$364,000 ",8/7/18,,,For Sale,
http://cdnparap00.paragonrels.com/ParagonImages/Property/p0/SANDICOR/180045641/0/120/90/1c5f5c6c93f076328129c17fbb049f1c/1/c5d2228f860bec005e4703bb2e0dcb86/180045641.JPG,180045641,ACT,ATT,6851 CAMINITO MONTANOSO  6,92119,SC,,3,2,"1,141",1980,3,"$399,000 ",8/15/18,,,For Sale,No
http://cdnparap00.paragonrels.com/ParagonImages/Property/p0/SANDICOR/180046014/0/120/90/a239e68f53a2ab8db31ca4de351d7b7d/1/ecd5345f6159ed150518abb4fb68f03d/180046014.JPG,180046014,ACT,ATT,5503 Adobe Falls Rd  1,92120,SD,,3,2,"1,116",1973,1,"$309,000 ",8/16/18,,,For Sale,No
http://cdnparap00.paragonrels.com/ParagonImages/Property/p0/SANDICOR/180033040/0/120/90/75067b1c06241a1f69df35ac6aff72df/1/193ee28acde4e8ebb3f39d6e1d741041/180033040.JPG,180033040,ACT,ATT,5493 Adobe Falls Rd  3,92120,DC,,2,2,"1,144",1973,61,"$315,000 ",6/15/18,,,For Sale,
http://cdnparap00.paragonrels.com/ParagonImages/Property/p0/SANDICOR/180036689/0/120/90/89cce16d7a6108fd2a8f1db6b8c31855/1/8084bcff7f356fb0cc6108935c2ccc96/180036689.JPG,180036689,ACT,ATT,7677 Mission Gorge Rd  137,92120,DC,,2,2,"1,035",2005,44,"$387,900 ",7/5/18,,,For Sale,
http://cdnparap00.paragonrels.com/ParagonImages/Property/p0/SANDICOR/180041454/0/120/90/3966b6f8d4a700f10d5ea29e27d1075c/1/c8cba488ae32e6bb36de9a128ffa8694/180041454.JPG,180041454,ACT,ATT,7677 Mission Gorge Rd  139,92120,DC,,2,2,"1,098",2005,22,"$399,900 - $409,900",7/27/18,,,For Sale,
http://cdnparap00.paragonrels.com/ParagonImages/Property/p0/SANDICOR/180041758/0/120/90/fae4d8d2a69bb31446483561412c21dd/1/c83537ab9eafae2c547605741de3e669/180041758.JPG,180041758,ACT,ATT,5577 Adobe Falls Road  D,92120,DC,,3,2,"1,368",1983,21,"$495,000 ",7/28/18,,,For Sale,
http://cdnparap00.paragonrels.com/ParagonImages/Property/p0/SANDICOR/180042957/0/120/90/a3bd346dd06f4dd2cfdfedc8079b6e55/1/54193c046cd866250cc0f783fdb18d40/180042957.JPG,180042957,ACT,ATT,5661 Adobe Falls Rd  B,92120,DC,1250B7,3,3,"1,763",1982,15,"$499,900 - $524,900",8/3/18,,,For Sale,
http://cdnparap00.paragonrels.com/ParagonImages/Property/p0/SANDICOR/180044450/0/120/90/63d4b839a5324462830123e6c6e9c4c4/1/d858b69b7820cd75eba6fdfa0d986607/180044450.JPG,180044450,ACT,TOWNH,7944 Mission Vista Drive,92120,DC,,2,3,"1,618",1983,8,"$549,000 ",8/10/18,,,For Sale,
http://cdnparap00.paragonrels.com/ParagonImages/Property/p0/SANDICOR/180045543/0/120/90/953156685c099f33b75b922ec27e8d99/1/1a3d068f0881cb3b07a354f3209ee6d7/180045543.JPG,180045543,ACT,ATT,8308 Regents Rd  1C,92122,UC,1228C3,2,2,"1,054",1981,3,"$449,000 ",8/15/18,,,For Sale,
http://cdnparap00.paragonrels.com/ParagonImages/Property/p0/SANDICOR/180031368/0/120/90/4a55f49c56e992f87c773e1102dadd2b/1/197742efc35a02277f0b68185378d986/180031368.JPG,180031368,ACT,ATT,4060 Rosenda Court  228,92122,UC,,2,2,"1,086",1985,52,"$450,000 ",6/9/18,,,For Sale,
http://cdnparap00.paragonrels.com/ParagonImages/Property/p0/SANDICOR/180033079/0/120/90/45d07d4d7fb6c3522c52f5ea808a320e/1/f81353f12a0c14c189b4a2f419ff5c1b/180033079.JPG,180033079,ACT,ATT,7837 Camino Glorita,92122,UC,,3,2,"1,053",1972,61,"$499,000 ",6/18/18,,,For Sale,
http://cdnparap00.paragonrels.com/ParagonImages/Property/p0/SANDICOR/180045108/0/120/90/4b174f209870084134d08d081072f930/1/452ed955ba79cba267b37d05fe5c8ad0/180045108.JPG,180045108,ACT,ATT,9229 Village Glen Dr  231,92123,MV,,2,2,"1,050",1980,5,"$325,000 - $345,000",7/24/18,,,For Sale,
http://cdnparap00.paragonrels.com/ParagonImages/Property/p0/SANDICOR/180045670/0/120/90/d12cedfd48b2684fbbbac7035eca72d1/1/b3cef0ec3d90632e9c8102e988da85af/180045670.JPG,180045670,ACT,ATT,9651 WEST CANYON TERRACE  2,92123,SER,1249F5,2,2,"1,169",2000,3,"$495,000 - $515,000",8/15/18,,,For Sale,
http://cdnparap00.paragonrels.com/ParagonImages/Property/p0/SANDICOR/180043119/0/120/90/3a9f5db0726a97488294dac1bd94a595/1/c7626faf5df877c6126b15e0223b2dbb/180043119.JPG,180043119,ACT,TOWNH,8744 Esplanade Park Lane,92123,KM,,2,3,"1,267",2003,15,"$519,900 ",8/3/18,,,For Sale,
http://cdnparap00.paragonrels.com/ParagonImages/Property/p0/SANDICOR/180044780/0/120/90/de563569bbdb63831079cca6f0485aac/1/67b3a36c3e3fcddc4c13893475e5be70/180044780.JPG,180044780,ACT,TOWNH,5838 Mission Center Road  C,92123,MV,,2,3,"1,440",1986,8,"$549,900 ",8/10/18,,,For Sale,
http://cdnparap00.paragonrels.com/ParagonImages/Property/p0/SANDICOR/180042479/0/120/90/4aaf62054fc37cad4e8052bd8348146b/1/a1bab23440661a8c1b481557a6b6d73b/180042479.JPG,180042479,ACT,ATT,11233 Tierrasanta Blvd  33,92124,TS,,3,2,"1,331",1981,17,"$419,900 ",8/1/18,,,For Sale,
http://cdnparap00.paragonrels.com/ParagonImages/Property/p0/SANDICOR/180039889/0/120/90/6f2e139dff825e7614c197290d94c940/1/facbbc31d65a515bdb6bf78c7fa67f20/180039889.JPG,180039889,ACT,ATT,11255 Tierrasanta Blvd  117,92124,TS,1250A3,3,2,"1,331",1981,29,"$430,000 - $450,000",7/20/18,,,For Sale,
http://cdnparap00.paragonrels.com/ParagonImages/Property/p0/SANDICOR/180043526/0/120/90/c3fe1d27b6bf1a39aeec62a93782baca/1/bd29ffb416295c236f1b2672c523d55b/180043526.JPG,180043526,ACT,TOWNH,10810 Macouba Pl,92124,TS,1249H2,4,3,"1,400",1974,12,"$478,000 ",8/6/18,,,For Sale,
http://cdnparap00.paragonrels.com/ParagonImages/Property/p0/SANDICOR/180045714/0/120/90/3f90d1098c8b75ea8163396e2c4fe159/1/98e835c6511afd7a4b7fb6def43e5b0d/180045714.JPG,180045714,ACT,ATT,11332 Portobelo Dr  3,92124,TS,1230A6,2,2,"1,226",1992,2,"$499,900 - $519,900",8/16/18,,,For Sale,
http://cdnparap00.paragonrels.com/ParagonImages/Property/p0/SANDICOR/180044385/0/120/90/0064a5466372149c8d8bbd1d6e57622a/1/503eba123991b2362a337cae5df1f95b/180044385.JPG,180044385,ACT,ATT,5361 Oakleaf,92124,SD,,2,3,"1,360",1973,9,"$499,000 - $535,000",8/9/18,,,For Sale,
http://cdnparap00.paragonrels.com/ParagonImages/Property/p0/SANDICOR/180041149/0/120/90/834105f2a277ad94f2611891cea96200/1/02ac99be0043771d6846151e474673c5/180041149.JPG,180041149,ACT,TOWNH,9938 Pineknoll Lane,92124,TS,,3,2,"1,491",1973,23,"$539,000 ",7/26/18,,,For Sale,
http://cdnparap00.paragonrels.com/ParagonImages/Property/p0/SANDICOR/180037442/0/120/90/aeecf7101f10afe7596a95e952243a76/1/7f469baca1bf5a59975f6f6fa2bc92cc/180037442.JPG,180037442,ACT,ATT,9415 Gold Coast Dr.  B8,92126,MRMS,,3,2,"1,203",1978,40,"$390,000 - $400,000",7/9/18,,,For Sale,No
http://cdnparap00.paragonrels.com/ParagonImages/Property/p0/SANDICOR/180043265/0/120/90/3e4499dcb1226e3a186047cfedc38a8b/1/5ba6e4fd853fbc9a286d5361e393a197/180043265.JPG,180043265,ACT,ATT,9710 Mesa Springs Way  1,92126,MRMS,,2,2,"1,041",1985,15,"$409,000 ",8/3/18,,,For Sale,
http://cdnparap00.paragonrels.com/ParagonImages/Property/p0/SANDICOR/180038852/0/120/90/0eec9ea7b28b53d1d846dc7bce016fc8/1/7396a311c405319c758bf6766f5b8773/180038852.JPG,180038852,ACT,ATT,10109 Caminito Mulege,92126,MRMS,1.21E+08,3,2,"1,264",1975,34,"$409,888 ",7/15/18,,,For Sale,
http://cdnparap00.paragonrels.com/ParagonImages/Property/p0/SANDICOR/180044068/0/120/90/f6c3a6326f90ae3f9b9124f1e4d9a632/1/3ef49f8788ba2255152d76bb4d9ef0e7/180044068.JPG,180044068,ACT,TOWNH,9423 GOLD COAST  C4,92126,MRMS,,2,2,"1,104",1978,10,"$399,900 - $409,900",8/8/18,,,For Sale,
http://cdnparap00.paragonrels.com/ParagonImages/Property/p0/SANDICOR/180045155/0/120/90/c8b497dbf61819cedb349bc64c4f8110/1/3a8d5d8574a0ac15abf0a988e5710be9/180045155.JPG,180045155,ACT,ATT,11575 CAMINITO LA BAR  27,92126,MRMS,,2,2,"1,040",1989,5,"$399,000 - $429,000",8/13/18,,,For Sale,
http://cdnparap00.paragonrels.com/ParagonImages/Property/p0/SANDICOR/180044959/0/120/90/04901012bf01fce21f758ad177630f52/1/de33739ba60309142f2e2dc205676c5a/180044959.JPG,180044959,ACT,ATT,7369 Calle Cristobal  206,92126,MRMS,,2,2,"1,114",1991,4,"$449,900 ",8/12/18,,,For Sale,
http://cdnparap00.paragonrels.com/ParagonImages/Property/p0/SANDICOR/180010615/0/120/90/4ee77661465c57cc647f8ee6665c2d79/1/f74937f66fab065affc126fe9af34f94/180010615.JPG,180010615,ACT,ATT,10512 Caminito Westchester,92126,MRMS,1209D4,2,2,"1,195",1979,170,"$450,000 ",2/16/18,,,For Sale,
http://cdnparap00.paragonrels.com/ParagonImages/Property/p0/SANDICOR/180042157/0/120/90/9cffe76f1ab84441252181134ed8b47d/1/1c9c735178a4b78872e4d9768684dbe7/180042157.JPG,180042157,ACT,ATT,9524 Caminito Toga,92126,MRMS,,4,2,"1,500",1975,18,"$469,000 ",7/29/18,,,For Sale,
http://cdnparap00.paragonrels.com/ParagonImages/Property/p0/SANDICOR/180040308/0/120/90/ebbd99538d4b3c2ecdfbee6cb5eb5add/1/371b0690543d83415c174ed19299c6f8/180040308.JPG,180040308,ACT,ATT,13338 Via Magdalena  1,92129,TH,,2,2,"1,026",2003,28,"$520,000 ",7/21/18,,,For Sale,
http://cdnparap00.paragonrels.com/ParagonImages/Property/p0/SANDICOR/180042779/0/120/90/294110c3825b05da22f79a74d37dd7db/1/aa1a9c00116bc21b156badc9df3cafe0/180042779.JPG,180042779,ACT,ATT,12221 Carmel Vista Rd  104,92130,CAV,1187J7,2,2,"1,101",1984,16,"$500,000 - $525,000",8/2/18,,,For Sale,
http://cdnparap00.paragonrels.com/ParagonImages/Property/p0/SANDICOR/180043108/0/120/90/5477763440f02d6c1133eee02e6740d3/1/ad99c428bdbaf1d2280fe87371b35a77/180043108.JPG,180043108,ACT,ATT,9917 Scripps Westview Way  120,92131,SR,1209F2,2,2,"1,052",1985,15,"$410,000 ",8/3/18,,,For Sale,
http://cdnparap00.paragonrels.com/ParagonImages/Property/p0/SANDICOR/180045679/0/120/90/fda5951e9e9f89a7831f0f90a0184e11/1/a4580e9fdfeb1735d9521e3e05493567/180045679.JPG,180045679,ACT,TOWNH,10563 Caminito Memosac,92131,SR,,3,3,"1,540",1973,3,"$484,900 - $509,900",8/15/18,,,For Sale,
http://cdnparap00.paragonrels.com/ParagonImages/Property/p0/SANDICOR/180044462/0/120/90/31ce5e2cb9fb5c7a36791ee34cf661cc/1/698065911c18ce98c0de7f3733a42bed/180044462.JPG,180044462,ACT,TOWNH,11011 Scripps Ranch,92131,SR,,2,2,"1,073",1989,8,"$519,900 ",8/10/18,,,For Sale,
http://cdnparap00.paragonrels.com/ParagonImages/Property/p0/SANDICOR/180043231/0/120/90/bc48aedfa74fb7abdcc096169344655a/1/bb1385dc58c157e88978682b44d8f771/180043231.JPG,180043231,ACT,TOWNH,6520 Omega Dr,92139,PH,,2,2,"1,012",1972,15,"$304,900 - $314,900",8/3/18,,,For Sale,
http://cdnparap00.paragonrels.com/ParagonImages/Property/p0/SANDICOR/180044974/0/120/90/5231f6e8cef7b321d0a2cfa2d2bf56ea/1/f11539433adb9f22980de3bb3f0ab647/180044974.JPG,180044974,ACT,ATT,6852 Panamint Row,92139,PH,,3,2,"1,183",1979,6,"$320,000 - $330,000",8/12/18,,,For Sale,
http://cdnparap00.paragonrels.com/ParagonImages/Property/p0/SANDICOR/180045386/0/120/90/441fac742c2c3fc452c42dc7e38b4d9a/1/858fab8efca327f16d25e810c022e90a/180045386.JPG,180045386,ACT,ATT,7438 Tooma St  155,92139,PH,1290G7,3,2,"1,224",1980,4,"$340,000 ",8/14/18,,,For Sale,
http://cdnparap00.paragonrels.com/ParagonImages/Property/p0/SANDICOR/180040418/0/120/90/9bc1f90b729409bffa150963f3e86032/1/6649b72f87618d08e556d97a10c58ebf/180040418.JPG,180040418,ACT,ATT,6830 Parkside Ave,92139,PH,,3,2,"1,100",1972,26,"$340,000 ",7/23/18,,,For Sale,
http://cdnparap00.paragonrels.com/ParagonImages/Property/p0/SANDICOR/180033477/0/120/90/2fbb3f86625c2530fe3f40d5602d5d04/1/3abb373b7121e712743c9b29fd2bd71b/180033477.JPG,180033477,ACT,ATT,6856 Quebec Ct  4,92139,PH,1290F7,3,2,"1,183",1980,59,"$343,000 ",6/18/18,,,For Sale,
http://cdnparap00.paragonrels.com/ParagonImages/Property/p0/SANDICOR/180044133/0/120/90/d029ace8f2c1152684709cbb8a738e1a/1/8d0f5a077732b6d540c50ea525309636/180044133.JPG,180044133,ACT,TOWNH,6840 Panamint Row  3,92139,PH,1290F7,3,2,"1,183",1980,10,"$345,999 ",8/8/18,,,For Sale,
http://cdnparap00.paragonrels.com/ParagonImages/Static/120/90/63ed1da6b1b960795b2d411bf69cfae5/NoPhotoAvailable.jpg,180046339,ACT,ATT,6829 Panamint Row  3,92139,PH,1290F7,3,2,"1,183",1980,0,"$349,000 - $355,000",8/15/18,,,For Sale,
http://cdnparap00.paragonrels.com/ParagonImages/Property/p0/SANDICOR/180038440/0/120/90/d14e4354d0b3a1f7a416a36286753542/1/a1c5eaebf31bcec07517bd87491cfdc2/180038440.JPG,180038440,ACT,TOWNH,1753 Manzana Way,92139,SD,,3,2,"1,274",1985,36,"$379,999 ",7/13/18,,,For Sale,
http://cdnparap00.paragonrels.com/ParagonImages/Property/p0/SANDICOR/180040347/0/120/90/8c8c8865911a8edfd679db702b369bd6/1/3e603049d76967ace1bdb00f9e9b585b/180040347.JPG,180040347,ACT,TOWNH,6767 Parkside Ave,92139,PH,,3,2,"1,373",1980,15,"$398,500 ",7/23/18,,,For Sale,
http://cdnparap00.paragonrels.com/ParagonImages/Property/p0/SANDICOR/180045664/0/120/90/be84744b9cbf327aa08d50cd2f32c2c0/1/d39fbdf8e431ffd14908a74260c98d6a/180045664.JPG,180045664,ACT,TOWNH,1888 Manzana Way,92139,PH,,3,3,"1,459",1986,3,"$385,000 - $405,000",8/15/18,,,For Sale,
http://cdnparap00.paragonrels.com/ParagonImages/Property/p0/SANDICOR/180031364/0/120/90/953e0ca253e14f2fc28b2eb74d3f9946/1/712e3a74149e66db00818e716f3902c1/180031364.JPG,180031364,ACT,ATT,1899 Manzana Way  4,92139,SSD,,3,3,"1,555",1986,70,"$425,000 ",6/9/18,,,For Sale,
http://cdnparap00.paragonrels.com/ParagonImages/Property/p0/SANDICOR/180027966/0/120/90/a8e89e313c32bcdedaa752a3b72ef707/1/f69f3f61880b4fbb3f7f231d4acfd6e7/180027966.JPG,180027966,ACT,ATT,7076 Attleborough Ct,92139,PH,,3,2,"1,568",1981,68,"$425,000 ",5/24/18,,,For Sale,
http://cdnparap00.paragonrels.com/ParagonImages/Property/p0/SANDICOR/180045640/0/120/90/b1008dbff87f71748ad069b7f658320b/1/5a89777d6a7ab8745abb9026c28da4dc/180045640.JPG,180045640,ACT,TOWNH,1886 Manzana Way,92139,PH,,4,3,"1,555",1986,3,"$435,000 ",8/15/18,,,For Sale,
http://cdnparap00.paragonrels.com/ParagonImages/Property/p0/SANDICOR/180044441/0/120/90/b1a10666148a54a8e73650708928048c/1/1236bb6bad75efb64a5ee682b953f4ff/180044441.JPG,180044441,ACT,TOWNH,7019 DEERHURST CT,92139,PH,,3,2,"1,381",1980,8,"$425,000 - $435,000",8/9/18,,,For Sale,
http://cdnparap00.paragonrels.com/ParagonImages/Property/p0/SANDICOR/180044784/0/120/90/6fec035fc805cfd7aea3451645dd7da5/1/4af6f94ef6d3cb12b556cf448397fc78/180044784.JPG,180044784,ACT,ATT,2233 Manzana Way,92139,PH,,4,3,"1,701",1985,8,"$460,000 ",8/10/18,,,For Sale,
http://cdnparap00.paragonrels.com/ParagonImages/Property/p0/SANDICOR/180040324/0/120/90/ac306378a6d5809d456fad9fadff9f3e/1/512bdf84a9b99c98854bd87eed4aed1c/180040324.JPG,180040324,ACT,TOWNH,24374 Larchmont Ct  69,92653,OOFA,921G4,2,3,"1,288",1985,28,"$499,000 ",7/20/18,,,For Sale,
http://cdnparap00.paragonrels.com/ParagonImages/Property/p0/SANDICOR/180042450/0/120/90/4c2689b6d6897cc0ad25cac375126519/1/cf889e57680a6e8346ea7522d4772dc1/180042450.JPG,180042450,ACT,ATT,25185 Via Terracina,92677,OOFA,951J1,2,2,"1,113",1989,17,"$515,000 ",8/1/18,,,For Sale,
http://cdnparap00.paragonrels.com/ParagonImages/Property/p0/SANDICOR/180035417/0/120/90/7b23711c95199d36d86a74242dc4e199/1/f744e5680e6f018bdb65fc0fbe8d03c5/180035417.JPG,180035417,BOM,ATT,3575 Cameo Drive  43,92056,OSD,,3,2,"1,141",1992,14,"$399,000 ",6/22/18,,,For Sale,No